path,label
./data/caterwaul\-2--Xzix2Vk_0_0.wav,1
./data/caterwaul\-2--Xzix2Vk_0_1.wav,0
./data/caterwaul\-2--Xzix2Vk_0_2.wav,0
./data/caterwaul\-2kErLFAk5k_30_10.wav,1
./data/caterwaul\-2kErLFAk5k_30_108.wav,1
./data/caterwaul\-2kErLFAk5k_30_110.wav,1
./data/caterwaul\-2kErLFAk5k_30_114.wav,1
./data/caterwaul\-2kErLFAk5k_30_115.wav,1
./data/caterwaul\-2kErLFAk5k_30_116.wav,1
./data/caterwaul\-2kErLFAk5k_30_12.wav,1
./data/caterwaul\-2kErLFAk5k_30_122.wav,1
./data/caterwaul\-2kErLFAk5k_30_123.wav,1
./data/caterwaul\-2kErLFAk5k_30_126.wav,1
./data/caterwaul\-2kErLFAk5k_30_20.wav,2
./data/caterwaul\-2kErLFAk5k_30_24.wav,2
./data/caterwaul\-2kErLFAk5k_30_25.wav,2
./data/caterwaul\-2kErLFAk5k_30_29.wav,2
./data/caterwaul\-2kErLFAk5k_30_44.wav,2
./data/caterwaul\-2kErLFAk5k_30_62.wav,2
./data/caterwaul\-2kErLFAk5k_30_65.wav,2
./data/caterwaul\-2kErLFAk5k_30_71.wav,2
./data/caterwaul\-2kErLFAk5k_30_76.wav,2
./data/caterwaul\-2kErLFAk5k_30_78.wav,2
./data/caterwaul\-2kErLFAk5k_30_80.wav,2
./data/caterwaul\-2kErLFAk5k_30_82.wav,2
./data/caterwaul\-2kErLFAk5k_30_83.wav,2
./data/caterwaul\-2kErLFAk5k_30_89.wav,2
./data/caterwaul\-2kErLFAk5k_30_91.wav,2
./data/caterwaul\-2kErLFAk5k_30_92.wav,2
./data/caterwaul\-2kErLFAk5k_30_99.wav,2
./data/caterwaul\-3qVzrEZ8l0_30_105.wav,2
./data/caterwaul\-3qVzrEZ8l0_30_106.wav,2
./data/caterwaul\-3qVzrEZ8l0_30_110.wav,2
./data/caterwaul\-3qVzrEZ8l0_30_111.wav,2
./data/caterwaul\-3qVzrEZ8l0_30_113.wav,2
./data/caterwaul\-3qVzrEZ8l0_30_117.wav,2
./data/caterwaul\-3qVzrEZ8l0_30_119.wav,2
./data/caterwaul\-3qVzrEZ8l0_30_124.wav,2
./data/caterwaul\-3qVzrEZ8l0_30_126.wav,2
./data/caterwaul\-3qVzrEZ8l0_30_129.wav,2
./data/caterwaul\-3qVzrEZ8l0_30_133.wav,2
./data/caterwaul\-3qVzrEZ8l0_30_139.wav,2
./data/caterwaul\-3qVzrEZ8l0_30_14.wav,2
./data/caterwaul\-3qVzrEZ8l0_30_148.wav,2
./data/caterwaul\-3qVzrEZ8l0_30_15.wav,2
./data/caterwaul\-3qVzrEZ8l0_30_150.wav,2
./data/caterwaul\-3qVzrEZ8l0_30_151.wav,2
./data/caterwaul\-3qVzrEZ8l0_30_2.wav,2
./data/caterwaul\-3qVzrEZ8l0_30_24.wav,2
./data/caterwaul\-3qVzrEZ8l0_30_27.wav,2
./data/caterwaul\-3qVzrEZ8l0_30_28.wav,2
./data/caterwaul\-3qVzrEZ8l0_30_29.wav,2
./data/caterwaul\-3qVzrEZ8l0_30_3.wav,2
./data/caterwaul\-3qVzrEZ8l0_30_39.wav,2
./data/caterwaul\-3qVzrEZ8l0_30_4.wav,2
./data/caterwaul\-3qVzrEZ8l0_30_42.wav,2
./data/caterwaul\-3qVzrEZ8l0_30_49.wav,2
./data/caterwaul\-3qVzrEZ8l0_30_5.wav,2
./data/caterwaul\-3qVzrEZ8l0_30_53.wav,2
./data/caterwaul\-3qVzrEZ8l0_30_55.wav,2
./data/caterwaul\-3qVzrEZ8l0_30_56.wav,2
./data/caterwaul\-3qVzrEZ8l0_30_59.wav,2
./data/caterwaul\-3qVzrEZ8l0_30_61.wav,2
./data/caterwaul\-3qVzrEZ8l0_30_63.wav,2
./data/caterwaul\-3qVzrEZ8l0_30_87.wav,2
./data/caterwaul\-3qVzrEZ8l0_30_91.wav,2
./data/caterwaul\-3qVzrEZ8l0_30_92.wav,2
./data/caterwaul\-3qVzrEZ8l0_30_93.wav,2
./data/caterwaul\-3qVzrEZ8l0_30_99.wav,2
./data/caterwaul\-46xqouqMxA_6_0.wav,2
./data/caterwaul\-46xqouqMxA_6_1.wav,2
./data/caterwaul\-46xqouqMxA_6_4.wav,2
./data/caterwaul\-46xqouqMxA_6_5.wav,2
./data/caterwaul\-46xqouqMxA_6_6.wav,2
./data/caterwaul\-46xqouqMxA_6_7.wav,2
./data/caterwaul\-68677bCJWM_16_0.wav,2
./data/caterwaul\-68677bCJWM_16_10.wav,2
./data/caterwaul\-68677bCJWM_16_16.wav,2
./data/caterwaul\-68677bCJWM_16_17.wav,2
./data/caterwaul\-68677bCJWM_16_2.wav,2
./data/caterwaul\-68677bCJWM_16_5.wav,2
./data/caterwaul\-CHwctXCRJk_30_27.wav,2
./data/caterwaul\-CHwctXCRJk_30_29.wav,2
./data/caterwaul\-CHwctXCRJk_30_30.wav,2
./data/caterwaul\-CHwctXCRJk_30_35.wav,2
./data/caterwaul\-CHwctXCRJk_30_37.wav,2
./data/caterwaul\-CHwctXCRJk_30_38.wav,2
./data/caterwaul\-CHwctXCRJk_30_39.wav,2
./data/caterwaul\-CHwctXCRJk_30_41.wav,2
./data/caterwaul\-CHwctXCRJk_30_42.wav,2
./data/caterwaul\-CHwctXCRJk_30_50.wav,2
./data/caterwaul\-CHwctXCRJk_30_51.wav,2
./data/caterwaul\-CHwctXCRJk_30_53.wav,2
./data/caterwaul\-CHwctXCRJk_30_60.wav,2
./data/caterwaul\-CHwctXCRJk_30_61.wav,2
./data/caterwaul\-D6DyrLZuQQ_30_108.wav,2
./data/caterwaul\-D6DyrLZuQQ_30_13.wav,2
./data/caterwaul\-D6DyrLZuQQ_30_25.wav,2
./data/caterwaul\-D6DyrLZuQQ_30_26.wav,2
./data/caterwaul\-D6DyrLZuQQ_30_35.wav,2
./data/caterwaul\-D6DyrLZuQQ_30_39.wav,2
./data/caterwaul\-D6DyrLZuQQ_30_45.wav,2
./data/caterwaul\-D6DyrLZuQQ_30_46.wav,2
./data/caterwaul\-D6DyrLZuQQ_30_49.wav,2
./data/caterwaul\-D6DyrLZuQQ_30_51.wav,2
./data/caterwaul\-D6DyrLZuQQ_30_53.wav,2
./data/caterwaul\-D6DyrLZuQQ_30_57.wav,2
./data/caterwaul\-D6DyrLZuQQ_30_65.wav,2
./data/caterwaul\-D6DyrLZuQQ_30_71.wav,2
./data/caterwaul\-D6DyrLZuQQ_30_82.wav,2
./data/caterwaul\-D6DyrLZuQQ_30_84.wav,2
./data/caterwaul\-D6DyrLZuQQ_30_96.wav,2
./data/caterwaul\-FL784R2DJk_21_10.wav,2
./data/caterwaul\-FL784R2DJk_21_12.wav,2
./data/caterwaul\-FL784R2DJk_21_13.wav,2
./data/caterwaul\-FL784R2DJk_21_3.wav,2
./data/caterwaul\-FL784R2DJk_21_6.wav,2
./data/caterwaul\-FL784R2DJk_21_7.wav,2
./data/caterwaul\-FL784R2DJk_21_9.wav,2
./data/caterwaul\-Hh5VlW3pFE_30_15.wav,2
./data/caterwaul\-Hh5VlW3pFE_30_19.wav,2
./data/caterwaul\-Hh5VlW3pFE_30_6.wav,2
./data/caterwaul\-HJxeIFmUd0_30_13.wav,2
./data/caterwaul\-HJxeIFmUd0_30_2.wav,2
./data/caterwaul\-HJxeIFmUd0_30_38.wav,2
./data/caterwaul\-HJxeIFmUd0_30_39.wav,2
./data/caterwaul\-HJxeIFmUd0_30_4.wav,2
./data/caterwaul\-HJxeIFmUd0_30_44.wav,2
./data/caterwaul\-HJxeIFmUd0_30_45.wav,2
./data/caterwaul\-HJxeIFmUd0_30_46.wav,2
./data/caterwaul\-HJxeIFmUd0_30_47.wav,2
./data/caterwaul\-HJxeIFmUd0_30_51.wav,2
./data/caterwaul\-HJxeIFmUd0_30_53.wav,2
./data/caterwaul\-HJxeIFmUd0_30_56.wav,2
./data/caterwaul\-HJxeIFmUd0_30_57.wav,2
./data/caterwaul\-HJxeIFmUd0_30_60.wav,2
./data/caterwaul\-HJxeIFmUd0_30_64.wav,2
./data/caterwaul\-HJxeIFmUd0_30_68.wav,2
./data/caterwaul\-I2wwE7WFOU_24_2.wav,2
./data/caterwaul\-I2wwE7WFOU_24_4.wav,2
./data/caterwaul\-J0tFSi23DE_30_10.wav,2
./data/caterwaul\-J0tFSi23DE_30_11.wav,2
./data/caterwaul\-J0tFSi23DE_30_2.wav,2
./data/caterwaul\-J0tFSi23DE_30_27.wav,2
./data/caterwaul\-J0tFSi23DE_30_32.wav,2
./data/caterwaul\-J0tFSi23DE_30_34.wav,2
./data/caterwaul\-J0tFSi23DE_30_35.wav,2
./data/caterwaul\-J0tFSi23DE_30_37.wav,2
./data/caterwaul\-J0tFSi23DE_30_38.wav,2
./data/caterwaul\-J0tFSi23DE_30_4.wav,2
./data/caterwaul\-J0tFSi23DE_30_43.wav,2
./data/caterwaul\-J0tFSi23DE_30_49.wav,2
./data/caterwaul\-J0tFSi23DE_30_51.wav,2
./data/caterwaul\-J0tFSi23DE_30_52.wav,2
./data/caterwaul\-J0tFSi23DE_30_59.wav,2
./data/caterwaul\-J0tFSi23DE_30_7.wav,2
./data/caterwaul\-Ln9HQ6lLtI_50_1.wav,2
./data/caterwaul\-Ln9HQ6lLtI_50_15.wav,2
./data/caterwaul\-Ln9HQ6lLtI_50_19.wav,2
./data/caterwaul\-Ln9HQ6lLtI_50_22.wav,2
./data/caterwaul\-Ln9HQ6lLtI_50_28.wav,2
./data/caterwaul\-Ln9HQ6lLtI_50_30.wav,2
./data/caterwaul\-Ln9HQ6lLtI_50_32.wav,2
./data/caterwaul\-Ln9HQ6lLtI_50_34.wav,2
./data/caterwaul\-Ln9HQ6lLtI_50_4.wav,2
./data/caterwaul\-ltwWPplUzg_30_0.wav,2
./data/caterwaul\-ltwWPplUzg_30_10.wav,2
./data/caterwaul\-ltwWPplUzg_30_11.wav,2
./data/caterwaul\-ltwWPplUzg_30_12.wav,2
./data/caterwaul\-ltwWPplUzg_30_13.wav,2
./data/caterwaul\-ltwWPplUzg_30_14.wav,2
./data/caterwaul\-ltwWPplUzg_30_19.wav,2
./data/caterwaul\-ltwWPplUzg_30_20.wav,2
./data/caterwaul\-ltwWPplUzg_30_21.wav,2
./data/caterwaul\-ltwWPplUzg_30_22.wav,2
./data/caterwaul\-ltwWPplUzg_30_24.wav,2
./data/caterwaul\-ltwWPplUzg_30_25.wav,2
./data/caterwaul\-ltwWPplUzg_30_27.wav,2
./data/caterwaul\-ltwWPplUzg_30_31.wav,2
./data/caterwaul\-ltwWPplUzg_30_36.wav,2
./data/caterwaul\-ltwWPplUzg_30_37.wav,2
./data/caterwaul\-ltwWPplUzg_30_38.wav,2
./data/caterwaul\-ltwWPplUzg_30_40.wav,2
./data/caterwaul\-ltwWPplUzg_30_41.wav,2
./data/caterwaul\-ltwWPplUzg_30_44.wav,2
./data/caterwaul\-ltwWPplUzg_30_45.wav,2
./data/caterwaul\-ltwWPplUzg_30_47.wav,2
./data/caterwaul\-ltwWPplUzg_30_5.wav,2
./data/caterwaul\-ltwWPplUzg_30_51.wav,2
./data/caterwaul\-ltwWPplUzg_30_53.wav,2
./data/caterwaul\-ltwWPplUzg_30_55.wav,2
./data/caterwaul\-ltwWPplUzg_30_59.wav,2
./data/caterwaul\-ltwWPplUzg_30_62.wav,2
./data/caterwaul\-ltwWPplUzg_30_73.wav,2
./data/caterwaul\-ltwWPplUzg_30_74.wav,2
./data/caterwaul\-m_rnUuUliM_3_0.wav,2
./data/caterwaul\-m_rnUuUliM_3_10.wav,2
./data/caterwaul\-m_rnUuUliM_3_12.wav,2
./data/caterwaul\-m_rnUuUliM_3_13.wav,2
./data/caterwaul\-m_rnUuUliM_3_17.wav,2
./data/caterwaul\-m_rnUuUliM_3_2.wav,2
./data/caterwaul\-m_rnUuUliM_3_20.wav,2
./data/caterwaul\-m_rnUuUliM_3_7.wav,2
./data/caterwaul\-m_rnUuUliM_3_8.wav,2
./data/caterwaul\-N2-lx8ToAY_0_11.wav,2
./data/caterwaul\-N2-lx8ToAY_0_16.wav,2
./data/caterwaul\-N2-lx8ToAY_0_18.wav,2
./data/caterwaul\-nBJVvyLiK8_10_1007.wav,2
./data/caterwaul\-nBJVvyLiK8_10_1008.wav,2
./data/caterwaul\-nBJVvyLiK8_10_1009.wav,2
./data/caterwaul\-nBJVvyLiK8_10_101.wav,2
./data/caterwaul\-nBJVvyLiK8_10_1011.wav,2
./data/caterwaul\-nBJVvyLiK8_10_1014.wav,2
./data/caterwaul\-nBJVvyLiK8_10_102.wav,2
./data/caterwaul\-nBJVvyLiK8_10_1022.wav,2
./data/caterwaul\-nBJVvyLiK8_10_1023.wav,2
./data/caterwaul\-nBJVvyLiK8_10_1024.wav,2
./data/caterwaul\-nBJVvyLiK8_10_1029.wav,2
./data/caterwaul\-nBJVvyLiK8_10_1032.wav,2
./data/caterwaul\-nBJVvyLiK8_10_1033.wav,2
./data/caterwaul\-nBJVvyLiK8_10_1034.wav,2
./data/caterwaul\-nBJVvyLiK8_10_1040.wav,2
./data/caterwaul\-nBJVvyLiK8_10_1042.wav,2
./data/caterwaul\-nBJVvyLiK8_10_1044.wav,2
./data/caterwaul\-nBJVvyLiK8_10_1047.wav,2
./data/caterwaul\-nBJVvyLiK8_10_1050.wav,2
./data/caterwaul\-nBJVvyLiK8_10_1053.wav,2
./data/caterwaul\-nBJVvyLiK8_10_1055.wav,2
./data/caterwaul\-nBJVvyLiK8_10_106.wav,2
./data/caterwaul\-nBJVvyLiK8_10_1061.wav,2
./data/caterwaul\-nBJVvyLiK8_10_1066.wav,2
./data/caterwaul\-nBJVvyLiK8_10_1071.wav,2
./data/caterwaul\-nBJVvyLiK8_10_1074.wav,2
./data/caterwaul\-nBJVvyLiK8_10_1075.wav,2
./data/caterwaul\-nBJVvyLiK8_10_1076.wav,2
./data/caterwaul\-nBJVvyLiK8_10_1077.wav,2
./data/caterwaul\-nBJVvyLiK8_10_1078.wav,2
./data/caterwaul\-nBJVvyLiK8_10_1079.wav,2
./data/caterwaul\-nBJVvyLiK8_10_1083.wav,2
./data/caterwaul\-nBJVvyLiK8_10_1087.wav,2
./data/caterwaul\-nBJVvyLiK8_10_1089.wav,2
./data/caterwaul\-nBJVvyLiK8_10_1093.wav,2
./data/caterwaul\-nBJVvyLiK8_10_11.wav,2
./data/caterwaul\-nBJVvyLiK8_10_1101.wav,2
./data/caterwaul\-nBJVvyLiK8_10_1105.wav,2
./data/caterwaul\-nBJVvyLiK8_10_1108.wav,2
./data/caterwaul\-nBJVvyLiK8_10_111.wav,2
./data/caterwaul\-nBJVvyLiK8_10_1110.wav,2
./data/caterwaul\-nBJVvyLiK8_10_1112.wav,2
./data/caterwaul\-nBJVvyLiK8_10_1118.wav,2
./data/caterwaul\-nBJVvyLiK8_10_1121.wav,2
./data/caterwaul\-nBJVvyLiK8_10_1122.wav,2
./data/caterwaul\-nBJVvyLiK8_10_1127.wav,2
./data/caterwaul\-nBJVvyLiK8_10_1130.wav,2
./data/caterwaul\-nBJVvyLiK8_10_1135.wav,2
./data/caterwaul\-nBJVvyLiK8_10_1137.wav,2
./data/caterwaul\-nBJVvyLiK8_10_1138.wav,2
./data/caterwaul\-nBJVvyLiK8_10_1139.wav,2
./data/caterwaul\-nBJVvyLiK8_10_114.wav,2
./data/caterwaul\-nBJVvyLiK8_10_1141.wav,2
./data/caterwaul\-nBJVvyLiK8_10_1143.wav,2
./data/caterwaul\-nBJVvyLiK8_10_1144.wav,2
./data/caterwaul\-nBJVvyLiK8_10_1147.wav,2
./data/caterwaul\-nBJVvyLiK8_10_1148.wav,2
./data/caterwaul\-nBJVvyLiK8_10_1155.wav,2
./data/caterwaul\-nBJVvyLiK8_10_1156.wav,2
./data/caterwaul\-nBJVvyLiK8_10_1157.wav,2
./data/caterwaul\-nBJVvyLiK8_10_1158.wav,2
./data/caterwaul\-nBJVvyLiK8_10_1161.wav,2
./data/caterwaul\-nBJVvyLiK8_10_1163.wav,2
./data/caterwaul\-nBJVvyLiK8_10_1169.wav,2
./data/caterwaul\-nBJVvyLiK8_10_1173.wav,2
./data/caterwaul\-nBJVvyLiK8_10_1174.wav,2
./data/caterwaul\-nBJVvyLiK8_10_1179.wav,2
./data/caterwaul\-nBJVvyLiK8_10_1180.wav,2
./data/caterwaul\-nBJVvyLiK8_10_1186.wav,2
./data/caterwaul\-nBJVvyLiK8_10_1187.wav,2
./data/caterwaul\-nBJVvyLiK8_10_1191.wav,2
./data/caterwaul\-nBJVvyLiK8_10_12.wav,2
./data/caterwaul\-nBJVvyLiK8_10_1202.wav,2
./data/caterwaul\-nBJVvyLiK8_10_1207.wav,2
./data/caterwaul\-nBJVvyLiK8_10_1213.wav,2
./data/caterwaul\-nBJVvyLiK8_10_122.wav,2
./data/caterwaul\-nBJVvyLiK8_10_1222.wav,2
./data/caterwaul\-nBJVvyLiK8_10_1223.wav,2
./data/caterwaul\-nBJVvyLiK8_10_1227.wav,2
./data/caterwaul\-nBJVvyLiK8_10_1229.wav,2
./data/caterwaul\-nBJVvyLiK8_10_1231.wav,2
./data/caterwaul\-nBJVvyLiK8_10_1232.wav,2
./data/caterwaul\-nBJVvyLiK8_10_1239.wav,2
./data/caterwaul\-nBJVvyLiK8_10_1247.wav,2
./data/caterwaul\-nBJVvyLiK8_10_1252.wav,2
./data/caterwaul\-nBJVvyLiK8_10_1265.wav,2
./data/caterwaul\-nBJVvyLiK8_10_1270.wav,2
./data/caterwaul\-nBJVvyLiK8_10_1271.wav,2
./data/caterwaul\-nBJVvyLiK8_10_1272.wav,2
./data/caterwaul\-nBJVvyLiK8_10_1273.wav,2
./data/caterwaul\-nBJVvyLiK8_10_1276.wav,2
./data/caterwaul\-nBJVvyLiK8_10_1277.wav,2
./data/caterwaul\-nBJVvyLiK8_10_1279.wav,2
./data/caterwaul\-nBJVvyLiK8_10_1297.wav,2
./data/caterwaul\-nBJVvyLiK8_10_1298.wav,2
./data/caterwaul\-nBJVvyLiK8_10_1299.wav,2
./data/caterwaul\-nBJVvyLiK8_10_1310.wav,2
./data/caterwaul\-nBJVvyLiK8_10_1311.wav,2
./data/caterwaul\-nBJVvyLiK8_10_1316.wav,2
./data/caterwaul\-nBJVvyLiK8_10_1317.wav,2
./data/caterwaul\-nBJVvyLiK8_10_1323.wav,2
./data/caterwaul\-nBJVvyLiK8_10_133.wav,2
./data/caterwaul\-nBJVvyLiK8_10_1331.wav,2
./data/caterwaul\-nBJVvyLiK8_10_1335.wav,2
./data/caterwaul\-nBJVvyLiK8_10_1339.wav,2
./data/caterwaul\-nBJVvyLiK8_10_1347.wav,2
./data/caterwaul\-nBJVvyLiK8_10_1355.wav,2
./data/caterwaul\-nBJVvyLiK8_10_1357.wav,2
./data/caterwaul\-nBJVvyLiK8_10_1359.wav,2
./data/caterwaul\-nBJVvyLiK8_10_1360.wav,2
./data/caterwaul\-nBJVvyLiK8_10_1361.wav,2
./data/caterwaul\-nBJVvyLiK8_10_1362.wav,2
./data/caterwaul\-nBJVvyLiK8_10_1366.wav,2
./data/caterwaul\-nBJVvyLiK8_10_1367.wav,2
./data/caterwaul\-nBJVvyLiK8_10_1368.wav,2
./data/caterwaul\-nBJVvyLiK8_10_1369.wav,2
./data/caterwaul\-nBJVvyLiK8_10_1370.wav,2
./data/caterwaul\-nBJVvyLiK8_10_1372.wav,2
./data/caterwaul\-nBJVvyLiK8_10_1375.wav,2
./data/caterwaul\-nBJVvyLiK8_10_1377.wav,2
./data/caterwaul\-nBJVvyLiK8_10_1386.wav,2
./data/caterwaul\-nBJVvyLiK8_10_139.wav,2
./data/caterwaul\-nBJVvyLiK8_10_1392.wav,2
./data/caterwaul\-nBJVvyLiK8_10_1394.wav,2
./data/caterwaul\-nBJVvyLiK8_10_1398.wav,2
./data/caterwaul\-nBJVvyLiK8_10_1408.wav,2
./data/caterwaul\-nBJVvyLiK8_10_141.wav,2
./data/caterwaul\-nBJVvyLiK8_10_1410.wav,2
./data/caterwaul\-nBJVvyLiK8_10_1422.wav,2
./data/caterwaul\-nBJVvyLiK8_10_1423.wav,2
./data/caterwaul\-nBJVvyLiK8_10_1426.wav,2
./data/caterwaul\-nBJVvyLiK8_10_1429.wav,2
./data/caterwaul\-nBJVvyLiK8_10_1437.wav,2
./data/caterwaul\-nBJVvyLiK8_10_1439.wav,2
./data/caterwaul\-nBJVvyLiK8_10_1442.wav,2
./data/caterwaul\-nBJVvyLiK8_10_1443.wav,2
./data/caterwaul\-nBJVvyLiK8_10_1444.wav,2
./data/caterwaul\-nBJVvyLiK8_10_145.wav,2
./data/caterwaul\-nBJVvyLiK8_10_1456.wav,2
./data/caterwaul\-nBJVvyLiK8_10_1458.wav,2
./data/caterwaul\-nBJVvyLiK8_10_146.wav,2
./data/caterwaul\-nBJVvyLiK8_10_1462.wav,2
./data/caterwaul\-nBJVvyLiK8_10_1463.wav,2
./data/caterwaul\-nBJVvyLiK8_10_1465.wav,2
./data/caterwaul\-nBJVvyLiK8_10_1470.wav,2
./data/caterwaul\-nBJVvyLiK8_10_1476.wav,2
./data/caterwaul\-nBJVvyLiK8_10_1478.wav,2
./data/caterwaul\-nBJVvyLiK8_10_1479.wav,2
./data/caterwaul\-nBJVvyLiK8_10_1480.wav,2
./data/caterwaul\-nBJVvyLiK8_10_1482.wav,2
./data/caterwaul\-nBJVvyLiK8_10_1489.wav,2
./data/caterwaul\-nBJVvyLiK8_10_1496.wav,2
./data/caterwaul\-nBJVvyLiK8_10_1497.wav,2
./data/caterwaul\-nBJVvyLiK8_10_1498.wav,2
./data/caterwaul\-nBJVvyLiK8_10_15.wav,2
./data/caterwaul\-nBJVvyLiK8_10_1501.wav,2
./data/caterwaul\-nBJVvyLiK8_10_1506.wav,2
./data/caterwaul\-nBJVvyLiK8_10_1508.wav,2
./data/caterwaul\-nBJVvyLiK8_10_1509.wav,2
./data/caterwaul\-nBJVvyLiK8_10_151.wav,2
./data/caterwaul\-nBJVvyLiK8_10_1513.wav,2
./data/caterwaul\-nBJVvyLiK8_10_1518.wav,2
./data/caterwaul\-nBJVvyLiK8_10_1519.wav,2
./data/caterwaul\-nBJVvyLiK8_10_1521.wav,2
./data/caterwaul\-nBJVvyLiK8_10_1525.wav,2
./data/caterwaul\-nBJVvyLiK8_10_1530.wav,2
./data/caterwaul\-nBJVvyLiK8_10_1538.wav,2
./data/caterwaul\-nBJVvyLiK8_10_1539.wav,2
./data/caterwaul\-nBJVvyLiK8_10_1540.wav,2
./data/caterwaul\-nBJVvyLiK8_10_1542.wav,2
./data/caterwaul\-nBJVvyLiK8_10_1543.wav,2
./data/caterwaul\-nBJVvyLiK8_10_1545.wav,2
./data/caterwaul\-nBJVvyLiK8_10_1548.wav,2
./data/caterwaul\-nBJVvyLiK8_10_1549.wav,2
./data/caterwaul\-nBJVvyLiK8_10_156.wav,2
./data/caterwaul\-nBJVvyLiK8_10_1561.wav,2
./data/caterwaul\-nBJVvyLiK8_10_1562.wav,2
./data/caterwaul\-nBJVvyLiK8_10_1564.wav,2
./data/caterwaul\-nBJVvyLiK8_10_1565.wav,2
./data/caterwaul\-nBJVvyLiK8_10_1566.wav,2
./data/caterwaul\-nBJVvyLiK8_10_157.wav,2
./data/caterwaul\-nBJVvyLiK8_10_1570.wav,2
./data/caterwaul\-nBJVvyLiK8_10_1571.wav,2
./data/caterwaul\-nBJVvyLiK8_10_1577.wav,2
./data/caterwaul\-nBJVvyLiK8_10_158.wav,2
./data/caterwaul\-nBJVvyLiK8_10_1583.wav,2
./data/caterwaul\-nBJVvyLiK8_10_1586.wav,2
./data/caterwaul\-nBJVvyLiK8_10_1588.wav,2
./data/caterwaul\-nBJVvyLiK8_10_1589.wav,2
./data/caterwaul\-nBJVvyLiK8_10_159.wav,2
./data/caterwaul\-nBJVvyLiK8_10_1591.wav,2
./data/caterwaul\-nBJVvyLiK8_10_1598.wav,2
./data/caterwaul\-nBJVvyLiK8_10_16.wav,2
./data/caterwaul\-nBJVvyLiK8_10_1600.wav,2
./data/caterwaul\-nBJVvyLiK8_10_1604.wav,2
./data/caterwaul\-nBJVvyLiK8_10_1608.wav,2
./data/caterwaul\-nBJVvyLiK8_10_1609.wav,2
./data/caterwaul\-nBJVvyLiK8_10_161.wav,2
./data/caterwaul\-nBJVvyLiK8_10_1612.wav,2
./data/caterwaul\-nBJVvyLiK8_10_1615.wav,2
./data/caterwaul\-nBJVvyLiK8_10_1617.wav,2
./data/caterwaul\-nBJVvyLiK8_10_1621.wav,2
./data/caterwaul\-nBJVvyLiK8_10_1622.wav,2
./data/caterwaul\-nBJVvyLiK8_10_1625.wav,2
./data/caterwaul\-nBJVvyLiK8_10_1626.wav,2
./data/caterwaul\-nBJVvyLiK8_10_1628.wav,2
./data/caterwaul\-nBJVvyLiK8_10_1638.wav,2
./data/caterwaul\-nBJVvyLiK8_10_1639.wav,2
./data/caterwaul\-nBJVvyLiK8_10_1640.wav,2
./data/caterwaul\-nBJVvyLiK8_10_1641.wav,2
./data/caterwaul\-nBJVvyLiK8_10_165.wav,2
./data/caterwaul\-nBJVvyLiK8_10_1650.wav,2
./data/caterwaul\-nBJVvyLiK8_10_1658.wav,2
./data/caterwaul\-nBJVvyLiK8_10_1659.wav,2
./data/caterwaul\-nBJVvyLiK8_10_166.wav,2
./data/caterwaul\-nBJVvyLiK8_10_1660.wav,2
./data/caterwaul\-nBJVvyLiK8_10_1662.wav,2
./data/caterwaul\-nBJVvyLiK8_10_1663.wav,2
./data/caterwaul\-nBJVvyLiK8_10_1671.wav,2
./data/caterwaul\-nBJVvyLiK8_10_1672.wav,2
./data/caterwaul\-nBJVvyLiK8_10_1674.wav,2
./data/caterwaul\-nBJVvyLiK8_10_1681.wav,2
./data/caterwaul\-nBJVvyLiK8_10_1682.wav,2
./data/caterwaul\-nBJVvyLiK8_10_1684.wav,2
./data/caterwaul\-nBJVvyLiK8_10_17.wav,2
./data/caterwaul\-nBJVvyLiK8_10_170.wav,2
./data/caterwaul\-nBJVvyLiK8_10_1702.wav,2
./data/caterwaul\-nBJVvyLiK8_10_1713.wav,2
./data/caterwaul\-nBJVvyLiK8_10_1719.wav,2
./data/caterwaul\-nBJVvyLiK8_10_1720.wav,2
./data/caterwaul\-nBJVvyLiK8_10_1725.wav,2
./data/caterwaul\-nBJVvyLiK8_10_1726.wav,2
./data/caterwaul\-nBJVvyLiK8_10_1730.wav,2
./data/caterwaul\-nBJVvyLiK8_10_1732.wav,2
./data/caterwaul\-nBJVvyLiK8_10_1734.wav,2
./data/caterwaul\-nBJVvyLiK8_10_1739.wav,2
./data/caterwaul\-nBJVvyLiK8_10_1742.wav,2
./data/caterwaul\-nBJVvyLiK8_10_1744.wav,2
./data/caterwaul\-nBJVvyLiK8_10_1747.wav,2
./data/caterwaul\-nBJVvyLiK8_10_1752.wav,2
./data/caterwaul\-nBJVvyLiK8_10_1753.wav,2
./data/caterwaul\-nBJVvyLiK8_10_1755.wav,2
./data/caterwaul\-nBJVvyLiK8_10_1756.wav,2
./data/caterwaul\-nBJVvyLiK8_10_1769.wav,2
./data/caterwaul\-nBJVvyLiK8_10_1770.wav,2
./data/caterwaul\-nBJVvyLiK8_10_1771.wav,2
./data/caterwaul\-nBJVvyLiK8_10_1775.wav,2
./data/caterwaul\-nBJVvyLiK8_10_1776.wav,2
./data/caterwaul\-nBJVvyLiK8_10_1779.wav,2
./data/caterwaul\-nBJVvyLiK8_10_1782.wav,2
./data/caterwaul\-nBJVvyLiK8_10_1783.wav,2
./data/caterwaul\-nBJVvyLiK8_10_1784.wav,2
./data/caterwaul\-nBJVvyLiK8_10_1787.wav,2
./data/caterwaul\-nBJVvyLiK8_10_1790.wav,2
./data/caterwaul\-nBJVvyLiK8_10_1791.wav,2
./data/caterwaul\-nBJVvyLiK8_10_1801.wav,2
./data/caterwaul\-nBJVvyLiK8_10_1804.wav,2
./data/caterwaul\-nBJVvyLiK8_10_1807.wav,2
./data/caterwaul\-nBJVvyLiK8_10_1808.wav,2
./data/caterwaul\-nBJVvyLiK8_10_181.wav,2
./data/caterwaul\-nBJVvyLiK8_10_1814.wav,2
./data/caterwaul\-nBJVvyLiK8_10_1819.wav,2
./data/caterwaul\-nBJVvyLiK8_10_1820.wav,2
./data/caterwaul\-nBJVvyLiK8_10_1828.wav,2
./data/caterwaul\-nBJVvyLiK8_10_1830.wav,2
./data/caterwaul\-nBJVvyLiK8_10_1837.wav,2
./data/caterwaul\-nBJVvyLiK8_10_1838.wav,2
./data/caterwaul\-nBJVvyLiK8_10_1839.wav,2
./data/caterwaul\-nBJVvyLiK8_10_184.wav,2
./data/caterwaul\-nBJVvyLiK8_10_1852.wav,2
./data/caterwaul\-nBJVvyLiK8_10_186.wav,2
./data/caterwaul\-nBJVvyLiK8_10_1865.wav,2
./data/caterwaul\-nBJVvyLiK8_10_1869.wav,2
./data/caterwaul\-nBJVvyLiK8_10_1871.wav,2
./data/caterwaul\-nBJVvyLiK8_10_1873.wav,2
./data/caterwaul\-nBJVvyLiK8_10_1876.wav,2
./data/caterwaul\-nBJVvyLiK8_10_1878.wav,2
./data/caterwaul\-nBJVvyLiK8_10_188.wav,2
./data/caterwaul\-nBJVvyLiK8_10_1882.wav,2
./data/caterwaul\-nBJVvyLiK8_10_1883.wav,2
./data/caterwaul\-nBJVvyLiK8_10_1887.wav,2
./data/caterwaul\-nBJVvyLiK8_10_1889.wav,2
./data/caterwaul\-nBJVvyLiK8_10_189.wav,2
./data/caterwaul\-nBJVvyLiK8_10_1892.wav,2
./data/caterwaul\-nBJVvyLiK8_10_1899.wav,2
./data/caterwaul\-nBJVvyLiK8_10_19.wav,2
./data/caterwaul\-nBJVvyLiK8_10_1901.wav,2
./data/caterwaul\-nBJVvyLiK8_10_1902.wav,2
./data/caterwaul\-nBJVvyLiK8_10_1904.wav,2
./data/caterwaul\-nBJVvyLiK8_10_1906.wav,2
./data/caterwaul\-nBJVvyLiK8_10_1908.wav,2
./data/caterwaul\-nBJVvyLiK8_10_1913.wav,2
./data/caterwaul\-nBJVvyLiK8_10_1920.wav,2
./data/caterwaul\-nBJVvyLiK8_10_1923.wav,2
./data/caterwaul\-nBJVvyLiK8_10_1924.wav,2
./data/caterwaul\-nBJVvyLiK8_10_193.wav,2
./data/caterwaul\-nBJVvyLiK8_10_1934.wav,2
./data/caterwaul\-nBJVvyLiK8_10_1935.wav,2
./data/caterwaul\-nBJVvyLiK8_10_1939.wav,2
./data/caterwaul\-nBJVvyLiK8_10_194.wav,2
./data/caterwaul\-nBJVvyLiK8_10_1950.wav,2
./data/caterwaul\-nBJVvyLiK8_10_1955.wav,2
./data/caterwaul\-nBJVvyLiK8_10_1958.wav,2
./data/caterwaul\-nBJVvyLiK8_10_1962.wav,2
./data/caterwaul\-nBJVvyLiK8_10_1964.wav,2
./data/caterwaul\-nBJVvyLiK8_10_1969.wav,2
./data/caterwaul\-nBJVvyLiK8_10_197.wav,2
./data/caterwaul\-nBJVvyLiK8_10_1980.wav,2
./data/caterwaul\-nBJVvyLiK8_10_1982.wav,2
./data/caterwaul\-nBJVvyLiK8_10_1983.wav,2
./data/caterwaul\-nBJVvyLiK8_10_1984.wav,2
./data/caterwaul\-nBJVvyLiK8_10_1985.wav,2
./data/caterwaul\-nBJVvyLiK8_10_1987.wav,2
./data/caterwaul\-nBJVvyLiK8_10_1989.wav,2
./data/caterwaul\-nBJVvyLiK8_10_199.wav,2
./data/caterwaul\-nBJVvyLiK8_10_2006.wav,2
./data/caterwaul\-nBJVvyLiK8_10_2007.wav,2
./data/caterwaul\-nBJVvyLiK8_10_2008.wav,2
./data/caterwaul\-nBJVvyLiK8_10_2011.wav,2
./data/caterwaul\-nBJVvyLiK8_10_2014.wav,2
./data/caterwaul\-nBJVvyLiK8_10_2015.wav,2
./data/caterwaul\-nBJVvyLiK8_10_2016.wav,2
./data/caterwaul\-nBJVvyLiK8_10_2022.wav,2
./data/caterwaul\-nBJVvyLiK8_10_2023.wav,2
./data/caterwaul\-nBJVvyLiK8_10_2026.wav,2
./data/caterwaul\-nBJVvyLiK8_10_2034.wav,2
./data/caterwaul\-nBJVvyLiK8_10_2038.wav,2
./data/caterwaul\-nBJVvyLiK8_10_204.wav,2
./data/caterwaul\-nBJVvyLiK8_10_2055.wav,2
./data/caterwaul\-nBJVvyLiK8_10_2056.wav,2
./data/caterwaul\-nBJVvyLiK8_10_2065.wav,2
./data/caterwaul\-nBJVvyLiK8_10_2070.wav,2
./data/caterwaul\-nBJVvyLiK8_10_2079.wav,2
./data/caterwaul\-nBJVvyLiK8_10_2083.wav,2
./data/caterwaul\-nBJVvyLiK8_10_2085.wav,2
./data/caterwaul\-nBJVvyLiK8_10_2087.wav,2
./data/caterwaul\-nBJVvyLiK8_10_2088.wav,2
./data/caterwaul\-nBJVvyLiK8_10_2089.wav,2
./data/caterwaul\-nBJVvyLiK8_10_209.wav,2
./data/caterwaul\-nBJVvyLiK8_10_2090.wav,2
./data/caterwaul\-nBJVvyLiK8_10_2091.wav,2
./data/caterwaul\-nBJVvyLiK8_10_2092.wav,2
./data/caterwaul\-nBJVvyLiK8_10_2094.wav,2
./data/caterwaul\-nBJVvyLiK8_10_2102.wav,2
./data/caterwaul\-nBJVvyLiK8_10_2106.wav,2
./data/caterwaul\-nBJVvyLiK8_10_211.wav,2
./data/caterwaul\-nBJVvyLiK8_10_2110.wav,2
./data/caterwaul\-nBJVvyLiK8_10_2112.wav,2
./data/caterwaul\-nBJVvyLiK8_10_2129.wav,2
./data/caterwaul\-nBJVvyLiK8_10_213.wav,2
./data/caterwaul\-nBJVvyLiK8_10_2130.wav,2
./data/caterwaul\-nBJVvyLiK8_10_2131.wav,2
./data/caterwaul\-nBJVvyLiK8_10_2133.wav,2
./data/caterwaul\-nBJVvyLiK8_10_2136.wav,2
./data/caterwaul\-nBJVvyLiK8_10_2140.wav,2
./data/caterwaul\-nBJVvyLiK8_10_2141.wav,2
./data/caterwaul\-nBJVvyLiK8_10_2142.wav,2
./data/caterwaul\-nBJVvyLiK8_10_2146.wav,2
./data/caterwaul\-nBJVvyLiK8_10_2149.wav,2
./data/caterwaul\-nBJVvyLiK8_10_2151.wav,2
./data/caterwaul\-nBJVvyLiK8_10_2154.wav,2
./data/caterwaul\-nBJVvyLiK8_10_2164.wav,2
./data/caterwaul\-nBJVvyLiK8_10_217.wav,2
./data/caterwaul\-nBJVvyLiK8_10_2170.wav,2
./data/caterwaul\-nBJVvyLiK8_10_2171.wav,2
./data/caterwaul\-nBJVvyLiK8_10_2173.wav,2
./data/caterwaul\-nBJVvyLiK8_10_2179.wav,2
./data/caterwaul\-nBJVvyLiK8_10_2180.wav,2
./data/caterwaul\-nBJVvyLiK8_10_2187.wav,2
./data/caterwaul\-nBJVvyLiK8_10_2189.wav,2
./data/caterwaul\-nBJVvyLiK8_10_2190.wav,2
./data/caterwaul\-nBJVvyLiK8_10_2193.wav,2
./data/caterwaul\-nBJVvyLiK8_10_2197.wav,2
./data/caterwaul\-nBJVvyLiK8_10_2199.wav,2
./data/caterwaul\-nBJVvyLiK8_10_22.wav,2
./data/caterwaul\-nBJVvyLiK8_10_2200.wav,2
./data/caterwaul\-nBJVvyLiK8_10_2203.wav,2
./data/caterwaul\-nBJVvyLiK8_10_2207.wav,2
./data/caterwaul\-nBJVvyLiK8_10_221.wav,2
./data/caterwaul\-nBJVvyLiK8_10_2214.wav,2
./data/caterwaul\-nBJVvyLiK8_10_2215.wav,2
./data/caterwaul\-nBJVvyLiK8_10_2218.wav,2
./data/caterwaul\-nBJVvyLiK8_10_2220.wav,2
./data/caterwaul\-nBJVvyLiK8_10_2221.wav,2
./data/caterwaul\-nBJVvyLiK8_10_2224.wav,2
./data/caterwaul\-nBJVvyLiK8_10_2228.wav,2
./data/caterwaul\-nBJVvyLiK8_10_2230.wav,2
./data/caterwaul\-nBJVvyLiK8_10_2239.wav,2
./data/caterwaul\-nBJVvyLiK8_10_2240.wav,2
./data/caterwaul\-nBJVvyLiK8_10_2242.wav,2
./data/caterwaul\-nBJVvyLiK8_10_2243.wav,2
./data/caterwaul\-nBJVvyLiK8_10_2244.wav,2
./data/caterwaul\-nBJVvyLiK8_10_2246.wav,2
./data/caterwaul\-nBJVvyLiK8_10_225.wav,2
./data/caterwaul\-nBJVvyLiK8_10_2251.wav,2
./data/caterwaul\-nBJVvyLiK8_10_2258.wav,2
./data/caterwaul\-nBJVvyLiK8_10_2263.wav,2
./data/caterwaul\-nBJVvyLiK8_10_2264.wav,2
./data/caterwaul\-nBJVvyLiK8_10_2265.wav,2
./data/caterwaul\-nBJVvyLiK8_10_2272.wav,2
./data/caterwaul\-nBJVvyLiK8_10_2273.wav,2
./data/caterwaul\-nBJVvyLiK8_10_228.wav,2
./data/caterwaul\-nBJVvyLiK8_10_2290.wav,2
./data/caterwaul\-nBJVvyLiK8_10_2293.wav,2
./data/caterwaul\-nBJVvyLiK8_10_2297.wav,2
./data/caterwaul\-nBJVvyLiK8_10_2301.wav,2
./data/caterwaul\-nBJVvyLiK8_10_2303.wav,2
./data/caterwaul\-nBJVvyLiK8_10_2308.wav,2
./data/caterwaul\-nBJVvyLiK8_10_235.wav,2
./data/caterwaul\-nBJVvyLiK8_10_237.wav,2
./data/caterwaul\-nBJVvyLiK8_10_238.wav,2
./data/caterwaul\-nBJVvyLiK8_10_24.wav,2
./data/caterwaul\-nBJVvyLiK8_10_243.wav,2
./data/caterwaul\-nBJVvyLiK8_10_245.wav,2
./data/caterwaul\-nBJVvyLiK8_10_246.wav,2
./data/caterwaul\-nBJVvyLiK8_10_249.wav,2
./data/caterwaul\-nBJVvyLiK8_10_25.wav,2
./data/caterwaul\-nBJVvyLiK8_10_250.wav,2
./data/caterwaul\-nBJVvyLiK8_10_251.wav,2
./data/caterwaul\-nBJVvyLiK8_10_259.wav,2
./data/caterwaul\-nBJVvyLiK8_10_26.wav,2
./data/caterwaul\-nBJVvyLiK8_10_264.wav,2
./data/caterwaul\-nBJVvyLiK8_10_266.wav,2
./data/caterwaul\-nBJVvyLiK8_10_267.wav,2
./data/caterwaul\-nBJVvyLiK8_10_268.wav,2
./data/caterwaul\-nBJVvyLiK8_10_27.wav,2
./data/caterwaul\-nBJVvyLiK8_10_270.wav,2
./data/caterwaul\-nBJVvyLiK8_10_272.wav,2
./data/caterwaul\-nBJVvyLiK8_10_273.wav,2
./data/caterwaul\-nBJVvyLiK8_10_277.wav,2
./data/caterwaul\-nBJVvyLiK8_10_278.wav,2
./data/caterwaul\-nBJVvyLiK8_10_279.wav,2
./data/caterwaul\-nBJVvyLiK8_10_28.wav,2
./data/caterwaul\-nBJVvyLiK8_10_280.wav,2
./data/caterwaul\-nBJVvyLiK8_10_282.wav,2
./data/caterwaul\-nBJVvyLiK8_10_283.wav,2
./data/caterwaul\-nBJVvyLiK8_10_284.wav,2
./data/caterwaul\-nBJVvyLiK8_10_286.wav,2
./data/caterwaul\-nBJVvyLiK8_10_287.wav,2
./data/caterwaul\-nBJVvyLiK8_10_295.wav,2
./data/caterwaul\-nBJVvyLiK8_10_296.wav,2
./data/caterwaul\-nBJVvyLiK8_10_298.wav,2
./data/caterwaul\-nBJVvyLiK8_10_299.wav,2
./data/caterwaul\-nBJVvyLiK8_10_3.wav,2
./data/caterwaul\-nBJVvyLiK8_10_300.wav,2
./data/caterwaul\-nBJVvyLiK8_10_301.wav,2
./data/caterwaul\-nBJVvyLiK8_10_302.wav,2
./data/caterwaul\-nBJVvyLiK8_10_303.wav,2
./data/caterwaul\-nBJVvyLiK8_10_310.wav,2
./data/caterwaul\-nBJVvyLiK8_10_311.wav,2
./data/caterwaul\-nBJVvyLiK8_10_312.wav,2
./data/caterwaul\-nBJVvyLiK8_10_315.wav,2
./data/caterwaul\-nBJVvyLiK8_10_318.wav,2
./data/caterwaul\-nBJVvyLiK8_10_323.wav,2
./data/caterwaul\-nBJVvyLiK8_10_325.wav,2
./data/caterwaul\-nBJVvyLiK8_10_326.wav,2
./data/caterwaul\-nBJVvyLiK8_10_329.wav,2
./data/caterwaul\-nBJVvyLiK8_10_337.wav,2
./data/caterwaul\-nBJVvyLiK8_10_338.wav,2
./data/caterwaul\-nBJVvyLiK8_10_34.wav,2
./data/caterwaul\-nBJVvyLiK8_10_346.wav,2
./data/caterwaul\-nBJVvyLiK8_10_35.wav,2
./data/caterwaul\-nBJVvyLiK8_10_351.wav,2
./data/caterwaul\-nBJVvyLiK8_10_363.wav,2
./data/caterwaul\-nBJVvyLiK8_10_365.wav,2
./data/caterwaul\-nBJVvyLiK8_10_366.wav,2
./data/caterwaul\-nBJVvyLiK8_10_367.wav,2
./data/caterwaul\-nBJVvyLiK8_10_37.wav,2
./data/caterwaul\-nBJVvyLiK8_10_372.wav,2
./data/caterwaul\-nBJVvyLiK8_10_374.wav,2
./data/caterwaul\-nBJVvyLiK8_10_376.wav,2
./data/caterwaul\-nBJVvyLiK8_10_377.wav,2
./data/caterwaul\-nBJVvyLiK8_10_38.wav,2
./data/caterwaul\-nBJVvyLiK8_10_381.wav,2
./data/caterwaul\-nBJVvyLiK8_10_382.wav,2
./data/caterwaul\-nBJVvyLiK8_10_385.wav,2
./data/caterwaul\-nBJVvyLiK8_10_387.wav,2
./data/caterwaul\-nBJVvyLiK8_10_388.wav,2
./data/caterwaul\-nBJVvyLiK8_10_395.wav,2
./data/caterwaul\-nBJVvyLiK8_10_396.wav,2
./data/caterwaul\-nBJVvyLiK8_10_397.wav,2
./data/caterwaul\-nBJVvyLiK8_10_398.wav,2
./data/caterwaul\-nBJVvyLiK8_10_399.wav,2
./data/caterwaul\-nBJVvyLiK8_10_401.wav,2
./data/caterwaul\-nBJVvyLiK8_10_405.wav,2
./data/caterwaul\-nBJVvyLiK8_10_409.wav,2
./data/caterwaul\-nBJVvyLiK8_10_41.wav,2
./data/caterwaul\-nBJVvyLiK8_10_410.wav,2
./data/caterwaul\-nBJVvyLiK8_10_412.wav,2
./data/caterwaul\-nBJVvyLiK8_10_413.wav,2
./data/caterwaul\-nBJVvyLiK8_10_414.wav,2
./data/caterwaul\-nBJVvyLiK8_10_415.wav,2
./data/caterwaul\-nBJVvyLiK8_10_42.wav,2
./data/caterwaul\-nBJVvyLiK8_10_422.wav,2
./data/caterwaul\-nBJVvyLiK8_10_425.wav,2
./data/caterwaul\-nBJVvyLiK8_10_43.wav,2
./data/caterwaul\-nBJVvyLiK8_10_430.wav,2
./data/caterwaul\-nBJVvyLiK8_10_436.wav,2
./data/caterwaul\-nBJVvyLiK8_10_438.wav,2
./data/caterwaul\-nBJVvyLiK8_10_439.wav,2
./data/caterwaul\-nBJVvyLiK8_10_444.wav,2
./data/caterwaul\-nBJVvyLiK8_10_454.wav,2
./data/caterwaul\-nBJVvyLiK8_10_457.wav,2
./data/caterwaul\-nBJVvyLiK8_10_458.wav,2
./data/caterwaul\-nBJVvyLiK8_10_46.wav,2
./data/caterwaul\-nBJVvyLiK8_10_463.wav,2
./data/caterwaul\-nBJVvyLiK8_10_465.wav,2
./data/caterwaul\-nBJVvyLiK8_10_466.wav,2
./data/caterwaul\-nBJVvyLiK8_10_468.wav,2
./data/caterwaul\-nBJVvyLiK8_10_473.wav,2
./data/caterwaul\-nBJVvyLiK8_10_476.wav,2
./data/caterwaul\-nBJVvyLiK8_10_477.wav,2
./data/caterwaul\-nBJVvyLiK8_10_478.wav,2
./data/caterwaul\-nBJVvyLiK8_10_480.wav,2
./data/caterwaul\-nBJVvyLiK8_10_482.wav,2
./data/caterwaul\-nBJVvyLiK8_10_489.wav,2
./data/caterwaul\-nBJVvyLiK8_10_490.wav,2
./data/caterwaul\-nBJVvyLiK8_10_491.wav,2
./data/caterwaul\-nBJVvyLiK8_10_497.wav,2
./data/caterwaul\-nBJVvyLiK8_10_498.wav,2
./data/caterwaul\-nBJVvyLiK8_10_5.wav,2
./data/caterwaul\-nBJVvyLiK8_10_502.wav,2
./data/caterwaul\-nBJVvyLiK8_10_503.wav,2
./data/caterwaul\-nBJVvyLiK8_10_517.wav,2
./data/caterwaul\-nBJVvyLiK8_10_521.wav,2
./data/caterwaul\-nBJVvyLiK8_10_537.wav,2
./data/caterwaul\-nBJVvyLiK8_10_538.wav,2
./data/caterwaul\-nBJVvyLiK8_10_539.wav,2
./data/caterwaul\-nBJVvyLiK8_10_54.wav,2
./data/caterwaul\-nBJVvyLiK8_10_549.wav,2
./data/caterwaul\-nBJVvyLiK8_10_552.wav,2
./data/caterwaul\-nBJVvyLiK8_10_557.wav,2
./data/caterwaul\-nBJVvyLiK8_10_558.wav,2
./data/caterwaul\-nBJVvyLiK8_10_562.wav,2
./data/caterwaul\-nBJVvyLiK8_10_565.wav,2
./data/caterwaul\-nBJVvyLiK8_10_568.wav,2
./data/caterwaul\-nBJVvyLiK8_10_569.wav,2
./data/caterwaul\-nBJVvyLiK8_10_570.wav,2
./data/caterwaul\-nBJVvyLiK8_10_572.wav,2
./data/caterwaul\-nBJVvyLiK8_10_573.wav,2
./data/caterwaul\-nBJVvyLiK8_10_575.wav,2
./data/caterwaul\-nBJVvyLiK8_10_585.wav,2
./data/caterwaul\-nBJVvyLiK8_10_586.wav,2
./data/caterwaul\-nBJVvyLiK8_10_587.wav,2
./data/caterwaul\-nBJVvyLiK8_10_589.wav,2
./data/caterwaul\-nBJVvyLiK8_10_59.wav,2
./data/caterwaul\-nBJVvyLiK8_10_590.wav,2
./data/caterwaul\-nBJVvyLiK8_10_591.wav,2
./data/caterwaul\-nBJVvyLiK8_10_592.wav,2
./data/caterwaul\-nBJVvyLiK8_10_596.wav,2
./data/caterwaul\-nBJVvyLiK8_10_597.wav,2
./data/caterwaul\-nBJVvyLiK8_10_6.wav,2
./data/caterwaul\-nBJVvyLiK8_10_60.wav,2
./data/caterwaul\-nBJVvyLiK8_10_603.wav,2
./data/caterwaul\-nBJVvyLiK8_10_606.wav,2
./data/caterwaul\-nBJVvyLiK8_10_607.wav,2
./data/caterwaul\-nBJVvyLiK8_10_608.wav,2
./data/caterwaul\-nBJVvyLiK8_10_610.wav,2
./data/caterwaul\-nBJVvyLiK8_10_618.wav,2
./data/caterwaul\-nBJVvyLiK8_10_620.wav,2
./data/caterwaul\-nBJVvyLiK8_10_622.wav,2
./data/caterwaul\-nBJVvyLiK8_10_626.wav,2
./data/caterwaul\-nBJVvyLiK8_10_628.wav,2
./data/caterwaul\-nBJVvyLiK8_10_630.wav,2
./data/caterwaul\-nBJVvyLiK8_10_639.wav,2
./data/caterwaul\-nBJVvyLiK8_10_640.wav,2
./data/caterwaul\-nBJVvyLiK8_10_642.wav,2
./data/caterwaul\-nBJVvyLiK8_10_643.wav,2
./data/caterwaul\-nBJVvyLiK8_10_645.wav,2
./data/caterwaul\-nBJVvyLiK8_10_647.wav,2
./data/caterwaul\-nBJVvyLiK8_10_656.wav,2
./data/caterwaul\-nBJVvyLiK8_10_658.wav,2
./data/caterwaul\-nBJVvyLiK8_10_660.wav,2
./data/caterwaul\-nBJVvyLiK8_10_665.wav,2
./data/caterwaul\-nBJVvyLiK8_10_666.wav,2
./data/caterwaul\-nBJVvyLiK8_10_669.wav,2
./data/caterwaul\-nBJVvyLiK8_10_670.wav,2
./data/caterwaul\-nBJVvyLiK8_10_672.wav,2
./data/caterwaul\-nBJVvyLiK8_10_673.wav,2
./data/caterwaul\-nBJVvyLiK8_10_677.wav,2
./data/caterwaul\-nBJVvyLiK8_10_679.wav,2
./data/caterwaul\-nBJVvyLiK8_10_68.wav,2
./data/caterwaul\-nBJVvyLiK8_10_680.wav,2
./data/caterwaul\-nBJVvyLiK8_10_69.wav,2
./data/caterwaul\-nBJVvyLiK8_10_691.wav,2
./data/caterwaul\-nBJVvyLiK8_10_701.wav,2
./data/caterwaul\-nBJVvyLiK8_10_705.wav,2
./data/caterwaul\-nBJVvyLiK8_10_706.wav,2
./data/caterwaul\-nBJVvyLiK8_10_707.wav,2
./data/caterwaul\-nBJVvyLiK8_10_71.wav,2
./data/caterwaul\-nBJVvyLiK8_10_711.wav,2
./data/caterwaul\-nBJVvyLiK8_10_72.wav,2
./data/caterwaul\-nBJVvyLiK8_10_73.wav,2
./data/caterwaul\-nBJVvyLiK8_10_734.wav,2
./data/caterwaul\-nBJVvyLiK8_10_736.wav,2
./data/caterwaul\-nBJVvyLiK8_10_74.wav,2
./data/caterwaul\-nBJVvyLiK8_10_741.wav,2
./data/caterwaul\-nBJVvyLiK8_10_745.wav,2
./data/caterwaul\-nBJVvyLiK8_10_746.wav,2
./data/caterwaul\-nBJVvyLiK8_10_750.wav,2
./data/caterwaul\-nBJVvyLiK8_10_753.wav,2
./data/caterwaul\-nBJVvyLiK8_10_763.wav,2
./data/caterwaul\-nBJVvyLiK8_10_764.wav,2
./data/caterwaul\-nBJVvyLiK8_10_765.wav,2
./data/caterwaul\-nBJVvyLiK8_10_768.wav,2
./data/caterwaul\-nBJVvyLiK8_10_776.wav,2
./data/caterwaul\-nBJVvyLiK8_10_780.wav,2
./data/caterwaul\-nBJVvyLiK8_10_784.wav,2
./data/caterwaul\-nBJVvyLiK8_10_79.wav,2
./data/caterwaul\-nBJVvyLiK8_10_791.wav,2
./data/caterwaul\-nBJVvyLiK8_10_793.wav,2
./data/caterwaul\-nBJVvyLiK8_10_795.wav,2
./data/caterwaul\-nBJVvyLiK8_10_796.wav,2
./data/caterwaul\-nBJVvyLiK8_10_80.wav,2
./data/caterwaul\-nBJVvyLiK8_10_801.wav,2
./data/caterwaul\-nBJVvyLiK8_10_802.wav,2
./data/caterwaul\-nBJVvyLiK8_10_806.wav,2
./data/caterwaul\-nBJVvyLiK8_10_81.wav,2
./data/caterwaul\-nBJVvyLiK8_10_811.wav,2
./data/caterwaul\-nBJVvyLiK8_10_814.wav,2
./data/caterwaul\-nBJVvyLiK8_10_815.wav,2
./data/caterwaul\-nBJVvyLiK8_10_82.wav,2
./data/caterwaul\-nBJVvyLiK8_10_822.wav,2
./data/caterwaul\-nBJVvyLiK8_10_825.wav,2
./data/caterwaul\-nBJVvyLiK8_10_829.wav,2
./data/caterwaul\-nBJVvyLiK8_10_83.wav,2
./data/caterwaul\-nBJVvyLiK8_10_838.wav,2
./data/caterwaul\-nBJVvyLiK8_10_841.wav,2
./data/caterwaul\-nBJVvyLiK8_10_85.wav,2
./data/caterwaul\-nBJVvyLiK8_10_857.wav,2
./data/caterwaul\-nBJVvyLiK8_10_865.wav,2
./data/caterwaul\-nBJVvyLiK8_10_867.wav,2
./data/caterwaul\-nBJVvyLiK8_10_868.wav,2
./data/caterwaul\-nBJVvyLiK8_10_869.wav,2
./data/caterwaul\-nBJVvyLiK8_10_87.wav,2
./data/caterwaul\-nBJVvyLiK8_10_874.wav,2
./data/caterwaul\-nBJVvyLiK8_10_876.wav,2
./data/caterwaul\-nBJVvyLiK8_10_877.wav,2
./data/caterwaul\-nBJVvyLiK8_10_878.wav,2
./data/caterwaul\-nBJVvyLiK8_10_880.wav,2
./data/caterwaul\-nBJVvyLiK8_10_888.wav,2
./data/caterwaul\-nBJVvyLiK8_10_891.wav,2
./data/caterwaul\-nBJVvyLiK8_10_897.wav,2
./data/caterwaul\-nBJVvyLiK8_10_90.wav,2
./data/caterwaul\-nBJVvyLiK8_10_901.wav,2
./data/caterwaul\-nBJVvyLiK8_10_903.wav,2
./data/caterwaul\-nBJVvyLiK8_10_904.wav,2
./data/caterwaul\-nBJVvyLiK8_10_912.wav,2
./data/caterwaul\-nBJVvyLiK8_10_914.wav,2
./data/caterwaul\-nBJVvyLiK8_10_918.wav,2
./data/caterwaul\-nBJVvyLiK8_10_919.wav,2
./data/caterwaul\-nBJVvyLiK8_10_921.wav,2
./data/caterwaul\-nBJVvyLiK8_10_923.wav,2
./data/caterwaul\-nBJVvyLiK8_10_924.wav,2
./data/caterwaul\-nBJVvyLiK8_10_925.wav,2
./data/caterwaul\-nBJVvyLiK8_10_928.wav,2
./data/caterwaul\-nBJVvyLiK8_10_929.wav,2
./data/caterwaul\-nBJVvyLiK8_10_930.wav,2
./data/caterwaul\-nBJVvyLiK8_10_931.wav,2
./data/caterwaul\-nBJVvyLiK8_10_933.wav,2
./data/caterwaul\-nBJVvyLiK8_10_936.wav,2
./data/caterwaul\-nBJVvyLiK8_10_937.wav,2
./data/caterwaul\-nBJVvyLiK8_10_942.wav,2
./data/caterwaul\-nBJVvyLiK8_10_944.wav,2
./data/caterwaul\-nBJVvyLiK8_10_955.wav,2
./data/caterwaul\-nBJVvyLiK8_10_959.wav,2
./data/caterwaul\-nBJVvyLiK8_10_961.wav,2
./data/caterwaul\-nBJVvyLiK8_10_962.wav,2
./data/caterwaul\-nBJVvyLiK8_10_963.wav,2
./data/caterwaul\-nBJVvyLiK8_10_964.wav,2
./data/caterwaul\-nBJVvyLiK8_10_969.wav,2
./data/caterwaul\-nBJVvyLiK8_10_97.wav,2
./data/caterwaul\-nBJVvyLiK8_10_971.wav,2
./data/caterwaul\-nBJVvyLiK8_10_972.wav,2
./data/caterwaul\-nBJVvyLiK8_10_977.wav,2
./data/caterwaul\-nBJVvyLiK8_10_986.wav,2
./data/caterwaul\-nBJVvyLiK8_10_990.wav,2
./data/caterwaul\-nBJVvyLiK8_10_992.wav,2
./data/caterwaul\-nBJVvyLiK8_10_993.wav,2
./data/caterwaul\-nBJVvyLiK8_10_994.wav,2
./data/caterwaul\-nBJVvyLiK8_10_995.wav,2
./data/caterwaul\-nBJVvyLiK8_10_998.wav,2
./data/caterwaul\-pZ9JyrIiMM_30_1.wav,2
./data/caterwaul\-pZ9JyrIiMM_30_16.wav,2
./data/caterwaul\-pZ9JyrIiMM_30_22.wav,2
./data/caterwaul\-pZ9JyrIiMM_30_23.wav,2
./data/caterwaul\-pZ9JyrIiMM_30_24.wav,2
./data/caterwaul\-pZ9JyrIiMM_30_25.wav,2
./data/caterwaul\-pZ9JyrIiMM_30_27.wav,2
./data/caterwaul\-pZ9JyrIiMM_30_36.wav,2
./data/caterwaul\-pZ9JyrIiMM_30_37.wav,2
./data/caterwaul\-pZ9JyrIiMM_30_38.wav,2
./data/caterwaul\-pZ9JyrIiMM_30_4.wav,2
./data/caterwaul\-pZ9JyrIiMM_30_40.wav,2
./data/caterwaul\-pZ9JyrIiMM_30_42.wav,2
./data/caterwaul\-pZ9JyrIiMM_30_45.wav,2
./data/caterwaul\-pZ9JyrIiMM_30_48.wav,2
./data/caterwaul\-pZ9JyrIiMM_30_49.wav,2
./data/caterwaul\-pZ9JyrIiMM_30_5.wav,2
./data/caterwaul\-pZ9JyrIiMM_30_51.wav,2
./data/caterwaul\-pZ9JyrIiMM_30_53.wav,2
./data/caterwaul\-pZ9JyrIiMM_30_8.wav,2
./data/caterwaul\-rGHegPzCpc_30_0.wav,2
./data/caterwaul\-rGHegPzCpc_30_100.wav,2
./data/caterwaul\-rGHegPzCpc_30_102.wav,2
./data/caterwaul\-rGHegPzCpc_30_103.wav,2
./data/caterwaul\-rGHegPzCpc_30_104.wav,2
./data/caterwaul\-rGHegPzCpc_30_106.wav,2
./data/caterwaul\-rGHegPzCpc_30_108.wav,2
./data/caterwaul\-rGHegPzCpc_30_113.wav,2
./data/caterwaul\-rGHegPzCpc_30_14.wav,2
./data/caterwaul\-rGHegPzCpc_30_18.wav,2
./data/caterwaul\-rGHegPzCpc_30_19.wav,2
./data/caterwaul\-rGHegPzCpc_30_24.wav,2
./data/caterwaul\-rGHegPzCpc_30_25.wav,2
./data/caterwaul\-rGHegPzCpc_30_26.wav,2
./data/caterwaul\-rGHegPzCpc_30_27.wav,2
./data/caterwaul\-rGHegPzCpc_30_3.wav,2
./data/caterwaul\-rGHegPzCpc_30_33.wav,2
./data/caterwaul\-rGHegPzCpc_30_35.wav,2
./data/caterwaul\-rGHegPzCpc_30_38.wav,2
./data/caterwaul\-rGHegPzCpc_30_43.wav,2
./data/caterwaul\-rGHegPzCpc_30_44.wav,2
./data/caterwaul\-rGHegPzCpc_30_55.wav,2
./data/caterwaul\-rGHegPzCpc_30_57.wav,2
./data/caterwaul\-rGHegPzCpc_30_6.wav,2
./data/caterwaul\-rGHegPzCpc_30_60.wav,2
./data/caterwaul\-rGHegPzCpc_30_66.wav,2
./data/caterwaul\-rGHegPzCpc_30_67.wav,2
./data/caterwaul\-rGHegPzCpc_30_73.wav,2
./data/caterwaul\-rGHegPzCpc_30_78.wav,2
./data/caterwaul\-rGHegPzCpc_30_8.wav,2
./data/caterwaul\-rGHegPzCpc_30_80.wav,2
./data/caterwaul\-rGHegPzCpc_30_81.wav,2
./data/caterwaul\-rGHegPzCpc_30_82.wav,2
./data/caterwaul\-rGHegPzCpc_30_94.wav,2
./data/caterwaul\-rGHegPzCpc_30_95.wav,2
./data/caterwaul\-rGHegPzCpc_30_96.wav,2
./data/caterwaul\-rGHegPzCpc_30_97.wav,2
./data/caterwaul\-rZs9OJ21mk_0_17.wav,2
./data/caterwaul\-rZs9OJ21mk_0_24.wav,2
./data/caterwaul\-rZs9OJ21mk_0_26.wav,2
./data/caterwaul\-rZs9OJ21mk_0_3.wav,2
./data/caterwaul\-rZs9OJ21mk_0_5.wav,2
./data/caterwaul\-TYGdSo47xo_30_17.wav,2
./data/caterwaul\-TYGdSo47xo_30_19.wav,2
./data/caterwaul\-TYGdSo47xo_30_20.wav,2
./data/caterwaul\-TYGdSo47xo_30_24.wav,2
./data/caterwaul\-TYGdSo47xo_30_29.wav,2
./data/caterwaul\-TYGdSo47xo_30_30.wav,2
./data/caterwaul\-TYGdSo47xo_30_48.wav,2
./data/caterwaul\-TYGdSo47xo_30_54.wav,2
./data/caterwaul\-TYGdSo47xo_30_59.wav,2
./data/caterwaul\-TYGdSo47xo_30_66.wav,2
./data/caterwaul\-TYGdSo47xo_30_78.wav,2
./data/caterwaul\-TYGdSo47xo_30_82.wav,2
./data/caterwaul\-TYGdSo47xo_30_84.wav,2
./data/caterwaul\-TYGdSo47xo_30_86.wav,2
./data/caterwaul\-w3qkf-V-PY_30_12.wav,2
./data/caterwaul\-w3qkf-V-PY_30_15.wav,2
./data/caterwaul\-w3qkf-V-PY_30_18.wav,2
./data/caterwaul\-w3qkf-V-PY_30_22.wav,2
./data/caterwaul\-w3qkf-V-PY_30_23.wav,2
./data/caterwaul\-w3qkf-V-PY_30_24.wav,2
./data/caterwaul\-w3qkf-V-PY_30_26.wav,2
./data/caterwaul\-w5eOe83alw_30_106.wav,2
./data/caterwaul\-w5eOe83alw_30_109.wav,2
./data/caterwaul\-w5eOe83alw_30_11.wav,2
./data/caterwaul\-w5eOe83alw_30_111.wav,2
./data/caterwaul\-w5eOe83alw_30_12.wav,2
./data/caterwaul\-w5eOe83alw_30_15.wav,2
./data/caterwaul\-w5eOe83alw_30_159.wav,2
./data/caterwaul\-w5eOe83alw_30_16.wav,2
./data/caterwaul\-w5eOe83alw_30_172.wav,2
./data/caterwaul\-w5eOe83alw_30_173.wav,2
./data/caterwaul\-w5eOe83alw_30_183.wav,2
./data/caterwaul\-w5eOe83alw_30_186.wav,2
./data/caterwaul\-w5eOe83alw_30_190.wav,2
./data/caterwaul\-w5eOe83alw_30_198.wav,2
./data/caterwaul\-w5eOe83alw_30_199.wav,2
./data/caterwaul\-w5eOe83alw_30_20.wav,2
./data/caterwaul\-w5eOe83alw_30_200.wav,2
./data/caterwaul\-w5eOe83alw_30_206.wav,2
./data/caterwaul\-w5eOe83alw_30_207.wav,2
./data/caterwaul\-w5eOe83alw_30_235.wav,2
./data/caterwaul\-w5eOe83alw_30_236.wav,2
./data/caterwaul\-w5eOe83alw_30_237.wav,2
./data/caterwaul\-w5eOe83alw_30_24.wav,2
./data/caterwaul\-w5eOe83alw_30_243.wav,2
./data/caterwaul\-w5eOe83alw_30_263.wav,2
./data/caterwaul\-w5eOe83alw_30_264.wav,2
./data/caterwaul\-w5eOe83alw_30_270.wav,2
./data/caterwaul\-w5eOe83alw_30_271.wav,2
./data/caterwaul\-w5eOe83alw_30_279.wav,2
./data/caterwaul\-w5eOe83alw_30_286.wav,2
./data/caterwaul\-w5eOe83alw_30_30.wav,2
./data/caterwaul\-w5eOe83alw_30_302.wav,2
./data/caterwaul\-w5eOe83alw_30_33.wav,2
./data/caterwaul\-w5eOe83alw_30_34.wav,2
./data/caterwaul\-w5eOe83alw_30_36.wav,2
./data/caterwaul\-w5eOe83alw_30_4.wav,2
./data/caterwaul\-w5eOe83alw_30_41.wav,2
./data/caterwaul\-w5eOe83alw_30_49.wav,2
./data/caterwaul\-w5eOe83alw_30_5.wav,2
./data/caterwaul\-w5eOe83alw_30_50.wav,2
./data/caterwaul\-w5eOe83alw_30_52.wav,2
./data/caterwaul\-w5eOe83alw_30_53.wav,2
./data/caterwaul\-w5eOe83alw_30_64.wav,2
./data/caterwaul\-W7fVjhTeeA_30_109.wav,2
./data/caterwaul\-W7fVjhTeeA_30_116.wav,2
./data/caterwaul\-W7fVjhTeeA_30_12.wav,2
./data/caterwaul\-W7fVjhTeeA_30_16.wav,2
./data/caterwaul\-W7fVjhTeeA_30_22.wav,2
./data/caterwaul\-W7fVjhTeeA_30_3.wav,2
./data/caterwaul\-W7fVjhTeeA_30_32.wav,2
./data/caterwaul\-W7fVjhTeeA_30_36.wav,2
./data/caterwaul\-W7fVjhTeeA_30_4.wav,2
./data/caterwaul\-W7fVjhTeeA_30_45.wav,2
./data/caterwaul\-W7fVjhTeeA_30_46.wav,2
./data/caterwaul\-W7fVjhTeeA_30_48.wav,2
./data/caterwaul\-W7fVjhTeeA_30_49.wav,2
./data/caterwaul\-W7fVjhTeeA_30_5.wav,2
./data/caterwaul\-W7fVjhTeeA_30_50.wav,2
./data/caterwaul\-W7fVjhTeeA_30_57.wav,2
./data/caterwaul\-W7fVjhTeeA_30_63.wav,2
./data/caterwaul\-W7fVjhTeeA_30_65.wav,2
./data/caterwaul\-W7fVjhTeeA_30_86.wav,2
./data/caterwaul\-W7fVjhTeeA_30_87.wav,2
./data/caterwaul\-XQGRj-iuRk_30_1.wav,2
./data/caterwaul\-XQGRj-iuRk_30_12.wav,2
./data/caterwaul\-XQGRj-iuRk_30_22.wav,2
./data/caterwaul\-XQGRj-iuRk_30_7.wav,2
./data/caterwaul\-XQGRj-iuRk_30_9.wav,2
./data/caterwaul\-ySTs0uSDTM_30_0.wav,2
./data/caterwaul\-ySTs0uSDTM_30_1.wav,2
./data/caterwaul\-ySTs0uSDTM_30_10.wav,2
./data/caterwaul\-ySTs0uSDTM_30_101.wav,2
./data/caterwaul\-ySTs0uSDTM_30_104.wav,2
./data/caterwaul\-ySTs0uSDTM_30_108.wav,2
./data/caterwaul\-ySTs0uSDTM_30_11.wav,2
./data/caterwaul\-ySTs0uSDTM_30_112.wav,2
./data/caterwaul\-ySTs0uSDTM_30_113.wav,2
./data/caterwaul\-ySTs0uSDTM_30_115.wav,2
./data/caterwaul\-ySTs0uSDTM_30_116.wav,2
./data/caterwaul\-ySTs0uSDTM_30_117.wav,2
./data/caterwaul\-ySTs0uSDTM_30_118.wav,2
./data/caterwaul\-ySTs0uSDTM_30_122.wav,2
./data/caterwaul\-ySTs0uSDTM_30_124.wav,2
./data/caterwaul\-ySTs0uSDTM_30_125.wav,2
./data/caterwaul\-ySTs0uSDTM_30_131.wav,2
./data/caterwaul\-ySTs0uSDTM_30_135.wav,2
./data/caterwaul\-ySTs0uSDTM_30_136.wav,2
./data/caterwaul\-ySTs0uSDTM_30_143.wav,2
./data/caterwaul\-ySTs0uSDTM_30_145.wav,2
./data/caterwaul\-ySTs0uSDTM_30_147.wav,2
./data/caterwaul\-ySTs0uSDTM_30_149.wav,2
./data/caterwaul\-ySTs0uSDTM_30_152.wav,2
./data/caterwaul\-ySTs0uSDTM_30_154.wav,2
./data/caterwaul\-ySTs0uSDTM_30_155.wav,2
./data/caterwaul\-ySTs0uSDTM_30_157.wav,2
./data/caterwaul\-ySTs0uSDTM_30_159.wav,2
./data/caterwaul\-ySTs0uSDTM_30_161.wav,2
./data/caterwaul\-ySTs0uSDTM_30_165.wav,2
./data/caterwaul\-ySTs0uSDTM_30_167.wav,2
./data/caterwaul\-ySTs0uSDTM_30_175.wav,2
./data/caterwaul\-ySTs0uSDTM_30_177.wav,2
./data/caterwaul\-ySTs0uSDTM_30_178.wav,2
./data/caterwaul\-ySTs0uSDTM_30_183.wav,2
./data/caterwaul\-ySTs0uSDTM_30_187.wav,2
./data/caterwaul\-ySTs0uSDTM_30_189.wav,2
./data/caterwaul\-ySTs0uSDTM_30_191.wav,2
./data/caterwaul\-ySTs0uSDTM_30_192.wav,2
./data/caterwaul\-ySTs0uSDTM_30_211.wav,2
./data/caterwaul\-ySTs0uSDTM_30_214.wav,2
./data/caterwaul\-ySTs0uSDTM_30_222.wav,2
./data/caterwaul\-ySTs0uSDTM_30_247.wav,2
./data/caterwaul\-ySTs0uSDTM_30_25.wav,2
./data/caterwaul\-ySTs0uSDTM_30_256.wav,2
./data/caterwaul\-ySTs0uSDTM_30_257.wav,2
./data/caterwaul\-ySTs0uSDTM_30_269.wav,2
./data/caterwaul\-ySTs0uSDTM_30_291.wav,2
./data/caterwaul\-ySTs0uSDTM_30_298.wav,2
./data/caterwaul\-ySTs0uSDTM_30_30.wav,2
./data/caterwaul\-ySTs0uSDTM_30_34.wav,2
./data/caterwaul\-ySTs0uSDTM_30_341.wav,2
./data/caterwaul\-ySTs0uSDTM_30_342.wav,2
./data/caterwaul\-ySTs0uSDTM_30_349.wav,2
./data/caterwaul\-ySTs0uSDTM_30_40.wav,2
./data/caterwaul\-ySTs0uSDTM_30_41.wav,2
./data/caterwaul\-ySTs0uSDTM_30_42.wav,2
./data/caterwaul\-ySTs0uSDTM_30_422.wav,2
./data/caterwaul\-ySTs0uSDTM_30_43.wav,2
./data/caterwaul\-ySTs0uSDTM_30_433.wav,2
./data/caterwaul\-ySTs0uSDTM_30_436.wav,2
./data/caterwaul\-ySTs0uSDTM_30_45.wav,2
./data/caterwaul\-ySTs0uSDTM_30_5.wav,2
./data/caterwaul\-ySTs0uSDTM_30_50.wav,2
./data/caterwaul\-ySTs0uSDTM_30_59.wav,2
./data/caterwaul\-ySTs0uSDTM_30_6.wav,2
./data/caterwaul\-ySTs0uSDTM_30_61.wav,2
./data/caterwaul\-ySTs0uSDTM_30_7.wav,2
./data/caterwaul\-ySTs0uSDTM_30_70.wav,2
./data/caterwaul\-ySTs0uSDTM_30_72.wav,2
./data/caterwaul\-ySTs0uSDTM_30_85.wav,2
./data/caterwaul\-ySTs0uSDTM_30_90.wav,2
./data/caterwaul\-ySTs0uSDTM_30_92.wav,2
./data/caterwaul\-ySTs0uSDTM_30_93.wav,2
./data/caterwaul\-ySTs0uSDTM_30_98.wav,2
./data/caterwaul\-_8E5aDUqas_30_11.wav,2
./data/caterwaul\-_8E5aDUqas_30_14.wav,2
./data/caterwaul\-_8E5aDUqas_30_16.wav,2
./data/caterwaul\-_8E5aDUqas_30_17.wav,2
./data/caterwaul\-_8E5aDUqas_30_19.wav,2
./data/caterwaul\-_8E5aDUqas_30_20.wav,2
./data/caterwaul\-_8E5aDUqas_30_21.wav,2
./data/caterwaul\-_8E5aDUqas_30_24.wav,2
./data/caterwaul\-_8E5aDUqas_30_26.wav,2
./data/caterwaul\-_8E5aDUqas_30_27.wav,2
./data/caterwaul\-_8E5aDUqas_30_29.wav,2
./data/caterwaul\-_8E5aDUqas_30_3.wav,2
./data/caterwaul\-_8E5aDUqas_30_34.wav,2
./data/caterwaul\-_8E5aDUqas_30_36.wav,2
./data/caterwaul\-_8E5aDUqas_30_40.wav,2
./data/caterwaul\-_8E5aDUqas_30_45.wav,2
./data/caterwaul\-_8E5aDUqas_30_47.wav,2
./data/caterwaul\-_8E5aDUqas_30_5.wav,2
./data/caterwaul\-_8E5aDUqas_30_51.wav,2
./data/caterwaul\-_8E5aDUqas_30_53.wav,2
./data/caterwaul\-_8E5aDUqas_30_54.wav,2
./data/caterwaul\-_8E5aDUqas_30_57.wav,2
./data/caterwaul\-_8E5aDUqas_30_59.wav,2
./data/caterwaul\-_8E5aDUqas_30_60.wav,2
./data/caterwaul\-_8E5aDUqas_30_65.wav,2
./data/caterwaul\-_8E5aDUqas_30_67.wav,2
./data/caterwaul\-_8E5aDUqas_30_68.wav,2
./data/caterwaul\-_8E5aDUqas_30_72.wav,2
./data/caterwaul\-_8E5aDUqas_30_78.wav,2
./data/caterwaul\01zET900_vA_23_9.wav,2
./data/caterwaul\02dEE23cyGU_2_11.wav,2
./data/caterwaul\02dEE23cyGU_2_2.wav,2
./data/caterwaul\02dEE23cyGU_2_3.wav,2
./data/caterwaul\02dEE23cyGU_2_8.wav,2
./data/caterwaul\02Ux_CdfUiI_20_12.wav,2
./data/caterwaul\02Ux_CdfUiI_20_13.wav,2
./data/caterwaul\02Ux_CdfUiI_20_14.wav,2
./data/caterwaul\02Ux_CdfUiI_20_15.wav,2
./data/caterwaul\02Ux_CdfUiI_20_4.wav,2
./data/caterwaul\03H8DdpF-dc_30_0.wav,2
./data/caterwaul\03H8DdpF-dc_30_10.wav,2
./data/caterwaul\03H8DdpF-dc_30_109.wav,2
./data/caterwaul\03H8DdpF-dc_30_11.wav,2
./data/caterwaul\03H8DdpF-dc_30_120.wav,2
./data/caterwaul\03H8DdpF-dc_30_13.wav,2
./data/caterwaul\03H8DdpF-dc_30_138.wav,2
./data/caterwaul\03H8DdpF-dc_30_14.wav,2
./data/caterwaul\03H8DdpF-dc_30_157.wav,2
./data/caterwaul\03H8DdpF-dc_30_158.wav,2
./data/caterwaul\03H8DdpF-dc_30_16.wav,2
./data/caterwaul\03H8DdpF-dc_30_177.wav,2
./data/caterwaul\03H8DdpF-dc_30_19.wav,2
./data/caterwaul\03H8DdpF-dc_30_192.wav,2
./data/caterwaul\03H8DdpF-dc_30_196.wav,2
./data/caterwaul\03H8DdpF-dc_30_210.wav,2
./data/caterwaul\03H8DdpF-dc_30_214.wav,2
./data/caterwaul\03H8DdpF-dc_30_217.wav,2
./data/caterwaul\03H8DdpF-dc_30_221.wav,2
./data/caterwaul\03H8DdpF-dc_30_230.wav,2
./data/caterwaul\03H8DdpF-dc_30_231.wav,2
./data/caterwaul\03H8DdpF-dc_30_232.wav,2
./data/caterwaul\03H8DdpF-dc_30_239.wav,2
./data/caterwaul\03H8DdpF-dc_30_244.wav,2
./data/caterwaul\03H8DdpF-dc_30_249.wav,2
./data/caterwaul\03H8DdpF-dc_30_25.wav,2
./data/caterwaul\03H8DdpF-dc_30_26.wav,2
./data/caterwaul\03H8DdpF-dc_30_264.wav,2
./data/caterwaul\03H8DdpF-dc_30_273.wav,2
./data/caterwaul\03H8DdpF-dc_30_276.wav,2
./data/caterwaul\03H8DdpF-dc_30_33.wav,2
./data/caterwaul\03H8DdpF-dc_30_35.wav,2
./data/caterwaul\03H8DdpF-dc_30_39.wav,2
./data/caterwaul\03H8DdpF-dc_30_45.wav,2
./data/caterwaul\03H8DdpF-dc_30_59.wav,2
./data/caterwaul\03H8DdpF-dc_30_7.wav,2
./data/caterwaul\03H8DdpF-dc_30_8.wav,2
./data/caterwaul\03H8DdpF-dc_30_82.wav,2
./data/caterwaul\03H8DdpF-dc_30_83.wav,2
./data/caterwaul\03H8DdpF-dc_30_85.wav,2
./data/caterwaul\03H8DdpF-dc_30_86.wav,2
./data/caterwaul\03H8DdpF-dc_30_96.wav,2
./data/caterwaul\03H8DdpF-dc_30_98.wav,2
./data/caterwaul\03H8DdpF-dc_30_99.wav,2
./data/caterwaul\06seVx9COw8_3_10.wav,2
./data/caterwaul\06seVx9COw8_3_11.wav,2
./data/caterwaul\06seVx9COw8_3_12.wav,2
./data/caterwaul\06seVx9COw8_3_15.wav,2
./data/caterwaul\06seVx9COw8_3_4.wav,2
./data/caterwaul\07RqWEmSIzA_30_1.wav,2
./data/caterwaul\07RqWEmSIzA_30_2.wav,2
./data/caterwaul\07RqWEmSIzA_30_22.wav,2
./data/caterwaul\07RqWEmSIzA_30_24.wav,2
./data/caterwaul\07RqWEmSIzA_30_26.wav,2
./data/caterwaul\07RqWEmSIzA_30_27.wav,2
./data/caterwaul\07RqWEmSIzA_30_4.wav,2
./data/caterwaul\07RqWEmSIzA_30_5.wav,2
./data/caterwaul\07RqWEmSIzA_30_6.wav,2
./data/caterwaul\07RqWEmSIzA_30_7.wav,2
./data/caterwaul\07RqWEmSIzA_30_8.wav,2
./data/caterwaul\09xecfUWui0_30_0.wav,2
./data/caterwaul\09xecfUWui0_30_10.wav,2
./data/caterwaul\09xecfUWui0_30_14.wav,2
./data/caterwaul\09xecfUWui0_30_15.wav,2
./data/caterwaul\09xecfUWui0_30_18.wav,2
./data/caterwaul\09xecfUWui0_30_19.wav,2
./data/caterwaul\09xecfUWui0_30_2.wav,2
./data/caterwaul\09xecfUWui0_30_21.wav,2
./data/caterwaul\09xecfUWui0_30_26.wav,2
./data/caterwaul\09xecfUWui0_30_27.wav,2
./data/caterwaul\09xecfUWui0_30_28.wav,2
./data/caterwaul\09xecfUWui0_30_29.wav,2
./data/caterwaul\09xecfUWui0_30_30.wav,2
./data/caterwaul\09xecfUWui0_30_32.wav,2
./data/caterwaul\09xecfUWui0_30_46.wav,2
./data/caterwaul\09xecfUWui0_30_49.wav,2
./data/caterwaul\09xecfUWui0_30_50.wav,2
./data/caterwaul\09xecfUWui0_30_53.wav,2
./data/caterwaul\09xecfUWui0_30_54.wav,2
./data/caterwaul\09xecfUWui0_30_57.wav,2
./data/caterwaul\09xecfUWui0_30_61.wav,2
./data/caterwaul\09xecfUWui0_30_62.wav,2
./data/caterwaul\09xecfUWui0_30_63.wav,2
./data/caterwaul\09xecfUWui0_30_64.wav,2
./data/caterwaul\09xecfUWui0_30_68.wav,2
./data/caterwaul\09xecfUWui0_30_70.wav,2
./data/caterwaul\09xecfUWui0_30_72.wav,2
./data/caterwaul\09xecfUWui0_30_9.wav,2
./data/caterwaul\0Am7X758-Ek_30_100.wav,2
./data/caterwaul\0Am7X758-Ek_30_117.wav,2
./data/caterwaul\0Am7X758-Ek_30_118.wav,2
./data/caterwaul\0Am7X758-Ek_30_119.wav,2
./data/caterwaul\0Am7X758-Ek_30_122.wav,2
./data/caterwaul\0Am7X758-Ek_30_134.wav,2
./data/caterwaul\0Am7X758-Ek_30_135.wav,2
./data/caterwaul\0Am7X758-Ek_30_137.wav,2
./data/caterwaul\0Am7X758-Ek_30_14.wav,2
./data/caterwaul\0Am7X758-Ek_30_141.wav,2
./data/caterwaul\0Am7X758-Ek_30_144.wav,2
./data/caterwaul\0Am7X758-Ek_30_145.wav,2
./data/caterwaul\0Am7X758-Ek_30_150.wav,2
./data/caterwaul\0Am7X758-Ek_30_166.wav,2
./data/caterwaul\0Am7X758-Ek_30_180.wav,2
./data/caterwaul\0Am7X758-Ek_30_183.wav,2
./data/caterwaul\0Am7X758-Ek_30_27.wav,2
./data/caterwaul\0Am7X758-Ek_30_29.wav,2
./data/caterwaul\0Am7X758-Ek_30_30.wav,2
./data/caterwaul\0Am7X758-Ek_30_31.wav,2
./data/caterwaul\0Am7X758-Ek_30_32.wav,2
./data/caterwaul\0Am7X758-Ek_30_33.wav,2
./data/caterwaul\0Am7X758-Ek_30_39.wav,2
./data/caterwaul\0Am7X758-Ek_30_42.wav,2
./data/caterwaul\0Am7X758-Ek_30_44.wav,2
./data/caterwaul\0Am7X758-Ek_30_5.wav,2
./data/caterwaul\0Am7X758-Ek_30_50.wav,2
./data/caterwaul\0Am7X758-Ek_30_52.wav,2
./data/caterwaul\0Am7X758-Ek_30_59.wav,2
./data/caterwaul\0Am7X758-Ek_30_67.wav,2
./data/caterwaul\0Am7X758-Ek_30_84.wav,2
./data/caterwaul\0Am7X758-Ek_30_93.wav,2
./data/caterwaul\0Am7X758-Ek_30_94.wav,2
./data/caterwaul\0ByuuORDNKM_30_10.wav,2
./data/caterwaul\0ByuuORDNKM_30_13.wav,2
./data/caterwaul\0ByuuORDNKM_30_15.wav,2
./data/caterwaul\0ByuuORDNKM_30_3.wav,2
./data/caterwaul\0ByuuORDNKM_30_6.wav,2
./data/caterwaul\0ByuuORDNKM_30_7.wav,2
./data/caterwaul\0F40MJSfsDw_30_100.wav,2
./data/caterwaul\0F40MJSfsDw_30_102.wav,2
./data/caterwaul\0F40MJSfsDw_30_109.wav,2
./data/caterwaul\0F40MJSfsDw_30_111.wav,2
./data/caterwaul\0F40MJSfsDw_30_117.wav,2
./data/caterwaul\0F40MJSfsDw_30_118.wav,2
./data/caterwaul\0F40MJSfsDw_30_126.wav,2
./data/caterwaul\0F40MJSfsDw_30_127.wav,2
./data/caterwaul\0F40MJSfsDw_30_128.wav,2
./data/caterwaul\0F40MJSfsDw_30_129.wav,2
./data/caterwaul\0F40MJSfsDw_30_131.wav,2
./data/caterwaul\0F40MJSfsDw_30_138.wav,2
./data/caterwaul\0F40MJSfsDw_30_142.wav,2
./data/caterwaul\0F40MJSfsDw_30_143.wav,2
./data/caterwaul\0F40MJSfsDw_30_144.wav,2
./data/caterwaul\0F40MJSfsDw_30_151.wav,2
./data/caterwaul\0F40MJSfsDw_30_156.wav,2
./data/caterwaul\0F40MJSfsDw_30_161.wav,2
./data/caterwaul\0F40MJSfsDw_30_164.wav,2
./data/caterwaul\0F40MJSfsDw_30_179.wav,2
./data/caterwaul\0F40MJSfsDw_30_180.wav,2
./data/caterwaul\0F40MJSfsDw_30_183.wav,2
./data/caterwaul\0F40MJSfsDw_30_185.wav,2
./data/caterwaul\0F40MJSfsDw_30_186.wav,2
./data/caterwaul\0F40MJSfsDw_30_188.wav,2
./data/caterwaul\0F40MJSfsDw_30_205.wav,2
./data/caterwaul\0F40MJSfsDw_30_206.wav,2
./data/caterwaul\0F40MJSfsDw_30_208.wav,2
./data/caterwaul\0F40MJSfsDw_30_209.wav,2
./data/caterwaul\0F40MJSfsDw_30_210.wav,2
./data/caterwaul\0F40MJSfsDw_30_216.wav,2
./data/caterwaul\0F40MJSfsDw_30_217.wav,2
./data/caterwaul\0F40MJSfsDw_30_232.wav,2
./data/caterwaul\0F40MJSfsDw_30_233.wav,2
./data/caterwaul\0F40MJSfsDw_30_236.wav,2
./data/caterwaul\0F40MJSfsDw_30_237.wav,2
./data/caterwaul\0F40MJSfsDw_30_243.wav,2
./data/caterwaul\0F40MJSfsDw_30_245.wav,2
./data/caterwaul\0F40MJSfsDw_30_251.wav,2
./data/caterwaul\0F40MJSfsDw_30_263.wav,2
./data/caterwaul\0F40MJSfsDw_30_272.wav,2
./data/caterwaul\0F40MJSfsDw_30_284.wav,2
./data/caterwaul\0F40MJSfsDw_30_302.wav,2
./data/caterwaul\0F40MJSfsDw_30_304.wav,2
./data/caterwaul\0F40MJSfsDw_30_306.wav,2
./data/caterwaul\0F40MJSfsDw_30_308.wav,2
./data/caterwaul\0F40MJSfsDw_30_309.wav,2
./data/caterwaul\0F40MJSfsDw_30_310.wav,2
./data/caterwaul\0F40MJSfsDw_30_311.wav,2
./data/caterwaul\0F40MJSfsDw_30_312.wav,2
./data/caterwaul\0F40MJSfsDw_30_327.wav,2
./data/caterwaul\0F40MJSfsDw_30_381.wav,2
./data/caterwaul\0F40MJSfsDw_30_382.wav,2
./data/caterwaul\0F40MJSfsDw_30_386.wav,2
./data/caterwaul\0F40MJSfsDw_30_391.wav,2
./data/caterwaul\0F40MJSfsDw_30_392.wav,2
./data/caterwaul\0F40MJSfsDw_30_395.wav,2
./data/caterwaul\0F40MJSfsDw_30_398.wav,2
./data/caterwaul\0F40MJSfsDw_30_40.wav,2
./data/caterwaul\0F40MJSfsDw_30_400.wav,2
./data/caterwaul\0F40MJSfsDw_30_402.wav,2
./data/caterwaul\0F40MJSfsDw_30_403.wav,2
./data/caterwaul\0F40MJSfsDw_30_405.wav,2
./data/caterwaul\0F40MJSfsDw_30_406.wav,2
./data/caterwaul\0F40MJSfsDw_30_407.wav,2
./data/caterwaul\0F40MJSfsDw_30_409.wav,2
./data/caterwaul\0F40MJSfsDw_30_67.wav,2
./data/caterwaul\0F40MJSfsDw_30_84.wav,2
./data/caterwaul\0F40MJSfsDw_30_93.wav,2
./data/caterwaul\0f7hKI3JNQE_17_14.wav,2
./data/caterwaul\0f7hKI3JNQE_17_15.wav,2
./data/caterwaul\0f7hKI3JNQE_17_17.wav,2
./data/caterwaul\0f7hKI3JNQE_17_6.wav,2
./data/caterwaul\0F8srmjGqtA_30_0.wav,2
./data/caterwaul\0F8srmjGqtA_30_100.wav,2
./data/caterwaul\0F8srmjGqtA_30_102.wav,2
./data/caterwaul\0F8srmjGqtA_30_104.wav,2
./data/caterwaul\0F8srmjGqtA_30_108.wav,2
./data/caterwaul\0F8srmjGqtA_30_109.wav,2
./data/caterwaul\0F8srmjGqtA_30_11.wav,2
./data/caterwaul\0F8srmjGqtA_30_113.wav,2
./data/caterwaul\0F8srmjGqtA_30_117.wav,2
./data/caterwaul\0F8srmjGqtA_30_119.wav,2
./data/caterwaul\0F8srmjGqtA_30_121.wav,2
./data/caterwaul\0F8srmjGqtA_30_122.wav,2
./data/caterwaul\0F8srmjGqtA_30_130.wav,2
./data/caterwaul\0F8srmjGqtA_30_132.wav,2
./data/caterwaul\0F8srmjGqtA_30_134.wav,2
./data/caterwaul\0F8srmjGqtA_30_135.wav,2
./data/caterwaul\0F8srmjGqtA_30_141.wav,2
./data/caterwaul\0F8srmjGqtA_30_143.wav,2
./data/caterwaul\0F8srmjGqtA_30_146.wav,2
./data/caterwaul\0F8srmjGqtA_30_149.wav,2
./data/caterwaul\0F8srmjGqtA_30_150.wav,2
./data/caterwaul\0F8srmjGqtA_30_157.wav,2
./data/caterwaul\0F8srmjGqtA_30_160.wav,2
./data/caterwaul\0F8srmjGqtA_30_161.wav,2
./data/caterwaul\0F8srmjGqtA_30_163.wav,2
./data/caterwaul\0F8srmjGqtA_30_166.wav,2
./data/caterwaul\0F8srmjGqtA_30_173.wav,2
./data/caterwaul\0F8srmjGqtA_30_18.wav,2
./data/caterwaul\0F8srmjGqtA_30_180.wav,2
./data/caterwaul\0F8srmjGqtA_30_183.wav,2
./data/caterwaul\0F8srmjGqtA_30_189.wav,2
./data/caterwaul\0F8srmjGqtA_30_190.wav,2
./data/caterwaul\0F8srmjGqtA_30_191.wav,2
./data/caterwaul\0F8srmjGqtA_30_193.wav,2
./data/caterwaul\0F8srmjGqtA_30_195.wav,2
./data/caterwaul\0F8srmjGqtA_30_198.wav,2
./data/caterwaul\0F8srmjGqtA_30_2.wav,2
./data/caterwaul\0F8srmjGqtA_30_203.wav,2
./data/caterwaul\0F8srmjGqtA_30_217.wav,2
./data/caterwaul\0F8srmjGqtA_30_220.wav,2
./data/caterwaul\0F8srmjGqtA_30_221.wav,2
./data/caterwaul\0F8srmjGqtA_30_223.wav,2
./data/caterwaul\0F8srmjGqtA_30_224.wav,2
./data/caterwaul\0F8srmjGqtA_30_226.wav,2
./data/caterwaul\0F8srmjGqtA_30_230.wav,2
./data/caterwaul\0F8srmjGqtA_30_235.wav,2
./data/caterwaul\0F8srmjGqtA_30_25.wav,2
./data/caterwaul\0F8srmjGqtA_30_258.wav,2
./data/caterwaul\0F8srmjGqtA_30_260.wav,2
./data/caterwaul\0F8srmjGqtA_30_263.wav,2
./data/caterwaul\0F8srmjGqtA_30_264.wav,2
./data/caterwaul\0F8srmjGqtA_30_265.wav,2
./data/caterwaul\0F8srmjGqtA_30_266.wav,2
./data/caterwaul\0F8srmjGqtA_30_280.wav,2
./data/caterwaul\0F8srmjGqtA_30_284.wav,2
./data/caterwaul\0F8srmjGqtA_30_287.wav,2
./data/caterwaul\0F8srmjGqtA_30_30.wav,2
./data/caterwaul\0F8srmjGqtA_30_32.wav,2
./data/caterwaul\0F8srmjGqtA_30_39.wav,2
./data/caterwaul\0F8srmjGqtA_30_45.wav,2
./data/caterwaul\0F8srmjGqtA_30_46.wav,2
./data/caterwaul\0F8srmjGqtA_30_48.wav,2
./data/caterwaul\0F8srmjGqtA_30_49.wav,2
./data/caterwaul\0F8srmjGqtA_30_50.wav,2
./data/caterwaul\0F8srmjGqtA_30_52.wav,2
./data/caterwaul\0F8srmjGqtA_30_53.wav,2
./data/caterwaul\0F8srmjGqtA_30_62.wav,2
./data/caterwaul\0F8srmjGqtA_30_73.wav,2
./data/caterwaul\0F8srmjGqtA_30_76.wav,2
./data/caterwaul\0F8srmjGqtA_30_77.wav,2
./data/caterwaul\0F8srmjGqtA_30_82.wav,2
./data/caterwaul\0F8srmjGqtA_30_83.wav,2
./data/caterwaul\0F8srmjGqtA_30_84.wav,2
./data/caterwaul\0F8srmjGqtA_30_86.wav,2
./data/caterwaul\0F8srmjGqtA_30_89.wav,2
./data/caterwaul\0F8srmjGqtA_30_98.wav,2
./data/caterwaul\0F8srmjGqtA_30_99.wav,2
./data/caterwaul\0G-Qx3Gv01s_0_13.wav,2
./data/caterwaul\0G-Qx3Gv01s_0_8.wav,2
./data/caterwaul\0hbOtaw86mk_30_0.wav,2
./data/caterwaul\0hbOtaw86mk_30_10.wav,2
./data/caterwaul\0hbOtaw86mk_30_14.wav,2
./data/caterwaul\0hbOtaw86mk_30_15.wav,2
./data/caterwaul\0hbOtaw86mk_30_17.wav,2
./data/caterwaul\0hbOtaw86mk_30_19.wav,2
./data/caterwaul\0hbOtaw86mk_30_2.wav,2
./data/caterwaul\0hbOtaw86mk_30_20.wav,2
./data/caterwaul\0hbOtaw86mk_30_21.wav,2
./data/caterwaul\0hbOtaw86mk_30_22.wav,2
./data/caterwaul\0hbOtaw86mk_30_23.wav,2
./data/caterwaul\0hbOtaw86mk_30_26.wav,2
./data/caterwaul\0hbOtaw86mk_30_27.wav,2
./data/caterwaul\0hbOtaw86mk_30_29.wav,2
./data/caterwaul\0hbOtaw86mk_30_30.wav,2
./data/caterwaul\0hbOtaw86mk_30_31.wav,2
./data/caterwaul\0hbOtaw86mk_30_32.wav,2
./data/caterwaul\0hbOtaw86mk_30_34.wav,2
./data/caterwaul\0hbOtaw86mk_30_35.wav,2
./data/caterwaul\0hbOtaw86mk_30_36.wav,2
./data/caterwaul\0hbOtaw86mk_30_41.wav,2
./data/caterwaul\0hbOtaw86mk_30_43.wav,2
./data/caterwaul\0hbOtaw86mk_30_44.wav,2
./data/caterwaul\0hbOtaw86mk_30_45.wav,2
./data/caterwaul\0hbOtaw86mk_30_49.wav,2
./data/caterwaul\0hbOtaw86mk_30_5.wav,2
./data/caterwaul\0hbOtaw86mk_30_50.wav,2
./data/caterwaul\0hbOtaw86mk_30_51.wav,2
./data/caterwaul\0hbOtaw86mk_30_6.wav,2
./data/caterwaul\0hbOtaw86mk_30_7.wav,2
./data/caterwaul\0hbOtaw86mk_30_8.wav,2
./data/caterwaul\0hbOtaw86mk_30_9.wav,2
./data/caterwaul\0KAv-2fHagU_30_1.wav,2
./data/caterwaul\0KAv-2fHagU_30_19.wav,2
./data/caterwaul\0Nyh-LqZ7T0_15_12.wav,2
./data/caterwaul\0Nyh-LqZ7T0_15_2.wav,2
./data/caterwaul\0Nyh-LqZ7T0_15_3.wav,2
./data/caterwaul\0Nyh-LqZ7T0_15_4.wav,2
./data/caterwaul\0Nyh-LqZ7T0_15_5.wav,2
./data/caterwaul\0Nyh-LqZ7T0_15_9.wav,2
./data/caterwaul\0ON-X_-90OU_30_0.wav,2
./data/caterwaul\0ON-X_-90OU_30_15.wav,2
./data/caterwaul\0ON-X_-90OU_30_17.wav,2
./data/caterwaul\0ON-X_-90OU_30_19.wav,2
./data/caterwaul\0ON-X_-90OU_30_24.wav,2
./data/caterwaul\0ON-X_-90OU_30_26.wav,2
./data/caterwaul\0ON-X_-90OU_30_27.wav,2
./data/caterwaul\0ON-X_-90OU_30_29.wav,2
./data/caterwaul\0ON-X_-90OU_30_34.wav,2
./data/caterwaul\0ON-X_-90OU_30_35.wav,2
./data/caterwaul\0ON-X_-90OU_30_39.wav,2
./data/caterwaul\0ON-X_-90OU_30_43.wav,2
./data/caterwaul\0ON-X_-90OU_30_47.wav,2
./data/caterwaul\0ON-X_-90OU_30_51.wav,2
./data/caterwaul\0ON-X_-90OU_30_57.wav,2
./data/caterwaul\0ON-X_-90OU_30_6.wav,2
./data/caterwaul\0ON-X_-90OU_30_61.wav,2
./data/caterwaul\0ON-X_-90OU_30_9.wav,2
./data/caterwaul\0q87keOtUNQ_21_15.wav,2
./data/caterwaul\0q87keOtUNQ_21_2.wav,2
./data/caterwaul\0q87keOtUNQ_21_4.wav,2
./data/caterwaul\0q87keOtUNQ_21_6.wav,2
./data/caterwaul\0RaejfgKs_A_28_11.wav,2
./data/caterwaul\0RaejfgKs_A_28_12.wav,2
./data/caterwaul\0RaejfgKs_A_28_13.wav,2
./data/caterwaul\0RPNAluapOc_30_105.wav,2
./data/caterwaul\0RPNAluapOc_30_113.wav,2
./data/caterwaul\0RPNAluapOc_30_116.wav,2
./data/caterwaul\0RPNAluapOc_30_117.wav,2
./data/caterwaul\0RPNAluapOc_30_119.wav,2
./data/caterwaul\0RPNAluapOc_30_12.wav,2
./data/caterwaul\0RPNAluapOc_30_125.wav,2
./data/caterwaul\0RPNAluapOc_30_126.wav,2
./data/caterwaul\0RPNAluapOc_30_127.wav,2
./data/caterwaul\0RPNAluapOc_30_128.wav,2
./data/caterwaul\0RPNAluapOc_30_129.wav,2
./data/caterwaul\0RPNAluapOc_30_130.wav,2
./data/caterwaul\0RPNAluapOc_30_132.wav,2
./data/caterwaul\0RPNAluapOc_30_133.wav,2
./data/caterwaul\0RPNAluapOc_30_136.wav,2
./data/caterwaul\0RPNAluapOc_30_138.wav,2
./data/caterwaul\0RPNAluapOc_30_145.wav,2
./data/caterwaul\0RPNAluapOc_30_15.wav,2
./data/caterwaul\0RPNAluapOc_30_163.wav,2
./data/caterwaul\0RPNAluapOc_30_17.wav,2
./data/caterwaul\0RPNAluapOc_30_192.wav,2
./data/caterwaul\0RPNAluapOc_30_198.wav,2
./data/caterwaul\0RPNAluapOc_30_21.wav,2
./data/caterwaul\0RPNAluapOc_30_25.wav,2
./data/caterwaul\0RPNAluapOc_30_3.wav,2
./data/caterwaul\0RPNAluapOc_30_38.wav,2
./data/caterwaul\0RPNAluapOc_30_40.wav,2
./data/caterwaul\0RPNAluapOc_30_50.wav,2
./data/caterwaul\0RPNAluapOc_30_51.wav,2
./data/caterwaul\0RPNAluapOc_30_57.wav,2
./data/caterwaul\0RPNAluapOc_30_58.wav,2
./data/caterwaul\0RPNAluapOc_30_59.wav,2
./data/caterwaul\0RPNAluapOc_30_6.wav,2
./data/caterwaul\0RPNAluapOc_30_60.wav,2
./data/caterwaul\0RPNAluapOc_30_61.wav,2
./data/caterwaul\0Sq8ge7D4wU_3_0.wav,2
./data/caterwaul\0Sq8ge7D4wU_3_1.wav,2
./data/caterwaul\0Sq8ge7D4wU_3_10.wav,2
./data/caterwaul\0Sq8ge7D4wU_3_11.wav,2
./data/caterwaul\0Sq8ge7D4wU_3_12.wav,2
./data/caterwaul\0Sq8ge7D4wU_3_13.wav,2
./data/caterwaul\0Sq8ge7D4wU_3_14.wav,2
./data/caterwaul\0Sq8ge7D4wU_3_15.wav,2
./data/caterwaul\0Sq8ge7D4wU_3_5.wav,2
./data/caterwaul\0Sq8ge7D4wU_3_6.wav,2
./data/caterwaul\0uab4-3d6MM_30_0.wav,2
./data/caterwaul\0uab4-3d6MM_30_11.wav,2
./data/caterwaul\0uab4-3d6MM_30_13.wav,2
./data/caterwaul\0uab4-3d6MM_30_19.wav,2
./data/caterwaul\0uab4-3d6MM_30_24.wav,2
./data/caterwaul\0uab4-3d6MM_30_6.wav,2
./data/caterwaul\0ZZ_wdnsc10_30_11.wav,2
./data/caterwaul\0ZZ_wdnsc10_30_13.wav,2
./data/caterwaul\0ZZ_wdnsc10_30_17.wav,2
./data/caterwaul\0ZZ_wdnsc10_30_19.wav,2
./data/caterwaul\0ZZ_wdnsc10_30_20.wav,2
./data/caterwaul\0ZZ_wdnsc10_30_25.wav,2
./data/caterwaul\0ZZ_wdnsc10_30_27.wav,2
./data/caterwaul\0ZZ_wdnsc10_30_28.wav,2
./data/caterwaul\0ZZ_wdnsc10_30_5.wav,2
./data/caterwaul\0ZZ_wdnsc10_30_8.wav,2
./data/caterwaul\0ZZ_wdnsc10_30_9.wav,2
./data/caterwaul\0_wNP0Jy_yU_18_12.wav,2
./data/caterwaul\0_wNP0Jy_yU_18_13.wav,2
./data/caterwaul\0_wNP0Jy_yU_18_17.wav,2
./data/caterwaul\0_wNP0Jy_yU_18_5.wav,2
./data/caterwaul\1-0o3G-FJeE_5_0.wav,2
./data/caterwaul\1-0o3G-FJeE_5_11.wav,2
./data/caterwaul\1-0o3G-FJeE_5_13.wav,2
./data/caterwaul\1-0o3G-FJeE_5_2.wav,2
./data/caterwaul\1-0o3G-FJeE_5_3.wav,2
./data/caterwaul\1-0o3G-FJeE_5_7.wav,2
./data/caterwaul\1-0o3G-FJeE_5_9.wav,2
./data/caterwaul\15svFbs6mg8_14_12.wav,2
./data/caterwaul\15svFbs6mg8_14_13.wav,2
./data/caterwaul\15svFbs6mg8_14_18.wav,2
./data/caterwaul\15svFbs6mg8_14_21.wav,2
./data/caterwaul\15svFbs6mg8_14_22.wav,2
./data/caterwaul\15svFbs6mg8_14_3.wav,2
./data/caterwaul\15svFbs6mg8_14_5.wav,2
./data/caterwaul\15svFbs6mg8_14_9.wav,2
./data/caterwaul\16qY5bRnCIA_30_104.wav,2
./data/caterwaul\16qY5bRnCIA_30_141.wav,2
./data/caterwaul\16qY5bRnCIA_30_16.wav,2
./data/caterwaul\16qY5bRnCIA_30_65.wav,2
./data/caterwaul\16qY5bRnCIA_30_67.wav,2
./data/caterwaul\16qY5bRnCIA_30_69.wav,2
./data/caterwaul\18FN3fDI25A_30_100.wav,2
./data/caterwaul\18FN3fDI25A_30_103.wav,2
./data/caterwaul\18FN3fDI25A_30_118.wav,2
./data/caterwaul\18FN3fDI25A_30_123.wav,2
./data/caterwaul\18FN3fDI25A_30_13.wav,2
./data/caterwaul\18FN3fDI25A_30_130.wav,2
./data/caterwaul\18FN3fDI25A_30_131.wav,2
./data/caterwaul\18FN3fDI25A_30_133.wav,2
./data/caterwaul\18FN3fDI25A_30_134.wav,2
./data/caterwaul\18FN3fDI25A_30_149.wav,2
./data/caterwaul\18FN3fDI25A_30_16.wav,2
./data/caterwaul\18FN3fDI25A_30_30.wav,2
./data/caterwaul\18FN3fDI25A_30_41.wav,2
./data/caterwaul\18FN3fDI25A_30_45.wav,2
./data/caterwaul\18FN3fDI25A_30_50.wav,2
./data/caterwaul\18FN3fDI25A_30_57.wav,2
./data/caterwaul\18FN3fDI25A_30_59.wav,2
./data/caterwaul\18FN3fDI25A_30_62.wav,2
./data/caterwaul\18FN3fDI25A_30_64.wav,2
./data/caterwaul\18FN3fDI25A_30_69.wav,2
./data/caterwaul\18FN3fDI25A_30_72.wav,2
./data/caterwaul\18FN3fDI25A_30_81.wav,2
./data/caterwaul\18FN3fDI25A_30_82.wav,2
./data/caterwaul\18FN3fDI25A_30_83.wav,2
./data/caterwaul\18FN3fDI25A_30_86.wav,2
./data/caterwaul\18FN3fDI25A_30_88.wav,2
./data/caterwaul\18FN3fDI25A_30_91.wav,2
./data/caterwaul\18FN3fDI25A_30_92.wav,2
./data/caterwaul\18FN3fDI25A_30_93.wav,2
./data/caterwaul\18FN3fDI25A_30_95.wav,2
./data/caterwaul\18FN3fDI25A_30_98.wav,2
./data/caterwaul\19UTZe1Gwj4_30_1.wav,2
./data/caterwaul\19UTZe1Gwj4_30_2.wav,2
./data/caterwaul\19UTZe1Gwj4_30_3.wav,2
./data/caterwaul\19UTZe1Gwj4_30_4.wav,2
./data/caterwaul\19UTZe1Gwj4_30_5.wav,2
./data/caterwaul\19UTZe1Gwj4_30_8.wav,2
./data/caterwaul\1A_NgC9c1Cc_4_0.wav,2
./data/caterwaul\1A_NgC9c1Cc_4_1.wav,2
./data/caterwaul\1A_NgC9c1Cc_4_7.wav,2
./data/caterwaul\1bh4cHQhkqk_27_13.wav,2
./data/caterwaul\1bh4cHQhkqk_27_17.wav,2
./data/caterwaul\1bh4cHQhkqk_27_3.wav,2
./data/caterwaul\1bh4cHQhkqk_27_4.wav,2
./data/caterwaul\1bh4cHQhkqk_27_7.wav,2
./data/caterwaul\1bMMrRbGQG0_15_0.wav,2
./data/caterwaul\1bMMrRbGQG0_15_2.wav,2
./data/caterwaul\1ci9EhneRNs_30_11.wav,2
./data/caterwaul\1ci9EhneRNs_30_18.wav,2
./data/caterwaul\1ci9EhneRNs_30_29.wav,2
./data/caterwaul\1ci9EhneRNs_30_56.wav,2
./data/caterwaul\1ci9EhneRNs_30_9.wav,2
./data/caterwaul\1FUMr2pDTn0_30_17.wav,2
./data/caterwaul\1FUMr2pDTn0_30_18.wav,2
./data/caterwaul\1FUMr2pDTn0_30_20.wav,2
./data/caterwaul\1FUMr2pDTn0_30_41.wav,2
./data/caterwaul\1FUMr2pDTn0_30_45.wav,2
./data/caterwaul\1FUMr2pDTn0_30_62.wav,2
./data/caterwaul\1FUMr2pDTn0_30_87.wav,2
./data/caterwaul\1FUMr2pDTn0_30_91.wav,2
./data/caterwaul\1FUMr2pDTn0_30_95.wav,2
./data/caterwaul\1gOpSK9iZcM_4_10.wav,2
./data/caterwaul\1H0jwhMaS70_30_13.wav,2
./data/caterwaul\1H0jwhMaS70_30_36.wav,2
./data/caterwaul\1H0jwhMaS70_30_38.wav,2
./data/caterwaul\1H0jwhMaS70_30_51.wav,2
./data/caterwaul\1H0jwhMaS70_30_66.wav,2
./data/caterwaul\1H0jwhMaS70_30_67.wav,2
./data/caterwaul\1H0jwhMaS70_30_74.wav,2
./data/caterwaul\1H0jwhMaS70_30_77.wav,2
./data/caterwaul\1H0jwhMaS70_30_78.wav,2
./data/caterwaul\1JsbNK3EPzE_40_110.wav,2
./data/caterwaul\1JsbNK3EPzE_40_112.wav,2
./data/caterwaul\1JsbNK3EPzE_40_114.wav,2
./data/caterwaul\1JsbNK3EPzE_40_117.wav,2
./data/caterwaul\1JsbNK3EPzE_40_118.wav,2
./data/caterwaul\1JsbNK3EPzE_40_120.wav,2
./data/caterwaul\1JsbNK3EPzE_40_123.wav,2
./data/caterwaul\1JsbNK3EPzE_40_124.wav,2
./data/caterwaul\1JsbNK3EPzE_40_135.wav,2
./data/caterwaul\1JsbNK3EPzE_40_139.wav,2
./data/caterwaul\1JsbNK3EPzE_40_140.wav,2
./data/caterwaul\1JsbNK3EPzE_40_144.wav,2
./data/caterwaul\1JsbNK3EPzE_40_153.wav,2
./data/caterwaul\1JsbNK3EPzE_40_154.wav,2
./data/caterwaul\1JsbNK3EPzE_40_157.wav,2
./data/caterwaul\1JsbNK3EPzE_40_165.wav,2
./data/caterwaul\1JsbNK3EPzE_40_17.wav,2
./data/caterwaul\1JsbNK3EPzE_40_173.wav,2
./data/caterwaul\1JsbNK3EPzE_40_174.wav,2
./data/caterwaul\1JsbNK3EPzE_40_175.wav,2
./data/caterwaul\1JsbNK3EPzE_40_176.wav,2
./data/caterwaul\1JsbNK3EPzE_40_178.wav,2
./data/caterwaul\1JsbNK3EPzE_40_181.wav,2
./data/caterwaul\1JsbNK3EPzE_40_185.wav,2
./data/caterwaul\1JsbNK3EPzE_40_190.wav,2
./data/caterwaul\1JsbNK3EPzE_40_193.wav,2
./data/caterwaul\1JsbNK3EPzE_40_194.wav,2
./data/caterwaul\1JsbNK3EPzE_40_196.wav,2
./data/caterwaul\1JsbNK3EPzE_40_197.wav,2
./data/caterwaul\1JsbNK3EPzE_40_204.wav,2
./data/caterwaul\1JsbNK3EPzE_40_208.wav,2
./data/caterwaul\1JsbNK3EPzE_40_209.wav,2
./data/caterwaul\1JsbNK3EPzE_40_212.wav,2
./data/caterwaul\1JsbNK3EPzE_40_214.wav,2
./data/caterwaul\1JsbNK3EPzE_40_217.wav,2
./data/caterwaul\1JsbNK3EPzE_40_220.wav,2
./data/caterwaul\1JsbNK3EPzE_40_226.wav,2
./data/caterwaul\1JsbNK3EPzE_40_236.wav,2
./data/caterwaul\1JsbNK3EPzE_40_237.wav,2
./data/caterwaul\1JsbNK3EPzE_40_242.wav,2
./data/caterwaul\1JsbNK3EPzE_40_25.wav,2
./data/caterwaul\1JsbNK3EPzE_40_30.wav,2
./data/caterwaul\1JsbNK3EPzE_40_36.wav,2
./data/caterwaul\1JsbNK3EPzE_40_4.wav,2
./data/caterwaul\1JsbNK3EPzE_40_40.wav,2
./data/caterwaul\1JsbNK3EPzE_40_42.wav,2
./data/caterwaul\1JsbNK3EPzE_40_46.wav,2
./data/caterwaul\1JsbNK3EPzE_40_47.wav,2
./data/caterwaul\1JsbNK3EPzE_40_52.wav,2
./data/caterwaul\1JsbNK3EPzE_40_53.wav,2
./data/caterwaul\1JsbNK3EPzE_40_54.wav,2
./data/caterwaul\1JsbNK3EPzE_40_56.wav,2
./data/caterwaul\1JsbNK3EPzE_40_57.wav,2
./data/caterwaul\1JsbNK3EPzE_40_58.wav,2
./data/caterwaul\1JsbNK3EPzE_40_59.wav,2
./data/caterwaul\1JsbNK3EPzE_40_64.wav,2
./data/caterwaul\1JsbNK3EPzE_40_65.wav,2
./data/caterwaul\1JsbNK3EPzE_40_67.wav,2
./data/caterwaul\1JsbNK3EPzE_40_69.wav,2
./data/caterwaul\1JsbNK3EPzE_40_71.wav,2
./data/caterwaul\1JsbNK3EPzE_40_74.wav,2
./data/caterwaul\1JsbNK3EPzE_40_79.wav,2
./data/caterwaul\1JsbNK3EPzE_40_8.wav,2
./data/caterwaul\1JsbNK3EPzE_40_84.wav,2
./data/caterwaul\1JsbNK3EPzE_40_85.wav,2
./data/caterwaul\1JsbNK3EPzE_40_88.wav,2
./data/caterwaul\1KCqn-RZ8-s_11_0.wav,2
./data/caterwaul\1KCqn-RZ8-s_11_2.wav,2
./data/caterwaul\1KCqn-RZ8-s_11_33.wav,2
./data/caterwaul\1KCqn-RZ8-s_11_6.wav,2
./data/caterwaul\1qj-T_zeg2g_30_101.wav,2
./data/caterwaul\1qj-T_zeg2g_30_119.wav,2
./data/caterwaul\1qj-T_zeg2g_30_121.wav,2
./data/caterwaul\1qj-T_zeg2g_30_40.wav,2
./data/caterwaul\1qj-T_zeg2g_30_42.wav,2
./data/caterwaul\1qj-T_zeg2g_30_44.wav,2
./data/caterwaul\1qj-T_zeg2g_30_49.wav,2
./data/caterwaul\1qj-T_zeg2g_30_52.wav,2
./data/caterwaul\1qj-T_zeg2g_30_53.wav,2
./data/caterwaul\1qj-T_zeg2g_30_57.wav,2
./data/caterwaul\1qj-T_zeg2g_30_58.wav,2
./data/caterwaul\1qj-T_zeg2g_30_59.wav,2
./data/caterwaul\1qj-T_zeg2g_30_6.wav,2
./data/caterwaul\1qj-T_zeg2g_30_64.wav,2
./data/caterwaul\1qj-T_zeg2g_30_87.wav,2
./data/caterwaul\1qj-T_zeg2g_30_99.wav,2
./data/caterwaul\1rPv2-OZLK4_16_17.wav,2
./data/caterwaul\1rPv2-OZLK4_16_18.wav,2
./data/caterwaul\1rPv2-OZLK4_16_19.wav,2
./data/caterwaul\1rPv2-OZLK4_16_3.wav,2
./data/caterwaul\1sakyqnaTOs_30_0.wav,2
./data/caterwaul\1sakyqnaTOs_30_107.wav,2
./data/caterwaul\1sakyqnaTOs_30_108.wav,2
./data/caterwaul\1sakyqnaTOs_30_109.wav,2
./data/caterwaul\1sakyqnaTOs_30_11.wav,2
./data/caterwaul\1sakyqnaTOs_30_111.wav,2
./data/caterwaul\1sakyqnaTOs_30_116.wav,2
./data/caterwaul\1sakyqnaTOs_30_122.wav,2
./data/caterwaul\1sakyqnaTOs_30_124.wav,2
./data/caterwaul\1sakyqnaTOs_30_130.wav,2
./data/caterwaul\1sakyqnaTOs_30_135.wav,2
./data/caterwaul\1sakyqnaTOs_30_147.wav,2
./data/caterwaul\1sakyqnaTOs_30_148.wav,2
./data/caterwaul\1sakyqnaTOs_30_150.wav,2
./data/caterwaul\1sakyqnaTOs_30_153.wav,2
./data/caterwaul\1sakyqnaTOs_30_157.wav,2
./data/caterwaul\1sakyqnaTOs_30_162.wav,2
./data/caterwaul\1sakyqnaTOs_30_164.wav,2
./data/caterwaul\1sakyqnaTOs_30_165.wav,2
./data/caterwaul\1sakyqnaTOs_30_185.wav,2
./data/caterwaul\1sakyqnaTOs_30_188.wav,2
./data/caterwaul\1sakyqnaTOs_30_190.wav,2
./data/caterwaul\1sakyqnaTOs_30_196.wav,2
./data/caterwaul\1sakyqnaTOs_30_199.wav,2
./data/caterwaul\1sakyqnaTOs_30_201.wav,2
./data/caterwaul\1sakyqnaTOs_30_202.wav,2
./data/caterwaul\1sakyqnaTOs_30_207.wav,2
./data/caterwaul\1sakyqnaTOs_30_211.wav,2
./data/caterwaul\1sakyqnaTOs_30_212.wav,2
./data/caterwaul\1sakyqnaTOs_30_220.wav,2
./data/caterwaul\1sakyqnaTOs_30_3.wav,2
./data/caterwaul\1sakyqnaTOs_30_37.wav,2
./data/caterwaul\1sakyqnaTOs_30_40.wav,2
./data/caterwaul\1sakyqnaTOs_30_41.wav,2
./data/caterwaul\1sakyqnaTOs_30_42.wav,2
./data/caterwaul\1sakyqnaTOs_30_55.wav,2
./data/caterwaul\1sakyqnaTOs_30_56.wav,2
./data/caterwaul\1sakyqnaTOs_30_57.wav,2
./data/caterwaul\1sakyqnaTOs_30_61.wav,2
./data/caterwaul\1sakyqnaTOs_30_65.wav,2
./data/caterwaul\1sakyqnaTOs_30_67.wav,2
./data/caterwaul\1sakyqnaTOs_30_74.wav,2
./data/caterwaul\1sakyqnaTOs_30_76.wav,2
./data/caterwaul\1sakyqnaTOs_30_84.wav,2
./data/caterwaul\1sakyqnaTOs_30_86.wav,2
./data/caterwaul\1sakyqnaTOs_30_94.wav,2
./data/caterwaul\1sakyqnaTOs_30_96.wav,2
./data/caterwaul\1sakyqnaTOs_30_97.wav,2
./data/caterwaul\1SsyJvXcZrY_30_1.wav,2
./data/caterwaul\1SsyJvXcZrY_30_10.wav,2
./data/caterwaul\1SsyJvXcZrY_30_103.wav,2
./data/caterwaul\1SsyJvXcZrY_30_104.wav,2
./data/caterwaul\1SsyJvXcZrY_30_105.wav,2
./data/caterwaul\1SsyJvXcZrY_30_107.wav,2
./data/caterwaul\1SsyJvXcZrY_30_109.wav,2
./data/caterwaul\1SsyJvXcZrY_30_112.wav,2
./data/caterwaul\1SsyJvXcZrY_30_116.wav,2
./data/caterwaul\1SsyJvXcZrY_30_120.wav,2
./data/caterwaul\1SsyJvXcZrY_30_128.wav,2
./data/caterwaul\1SsyJvXcZrY_30_135.wav,2
./data/caterwaul\1SsyJvXcZrY_30_137.wav,2
./data/caterwaul\1SsyJvXcZrY_30_15.wav,2
./data/caterwaul\1SsyJvXcZrY_30_2.wav,2
./data/caterwaul\1SsyJvXcZrY_30_20.wav,2
./data/caterwaul\1SsyJvXcZrY_30_22.wav,2
./data/caterwaul\1SsyJvXcZrY_30_4.wav,2
./data/caterwaul\1SsyJvXcZrY_30_5.wav,2
./data/caterwaul\1SsyJvXcZrY_30_63.wav,2
./data/caterwaul\1SsyJvXcZrY_30_72.wav,2
./data/caterwaul\1SsyJvXcZrY_30_77.wav,2
./data/caterwaul\1SsyJvXcZrY_30_79.wav,2
./data/caterwaul\1SsyJvXcZrY_30_83.wav,2
./data/caterwaul\1SsyJvXcZrY_30_91.wav,2
./data/caterwaul\1SsyJvXcZrY_30_92.wav,2
./data/caterwaul\1SsyJvXcZrY_30_93.wav,2
./data/caterwaul\1SsyJvXcZrY_30_99.wav,2
./data/caterwaul\1tHhN-4fTiU_30_12.wav,2
./data/caterwaul\1tHhN-4fTiU_30_19.wav,2
./data/caterwaul\1tHhN-4fTiU_30_20.wav,2
./data/caterwaul\1tHhN-4fTiU_30_22.wav,2
./data/caterwaul\1tHhN-4fTiU_30_35.wav,2
./data/caterwaul\1tHhN-4fTiU_30_36.wav,2
./data/caterwaul\1tHhN-4fTiU_30_38.wav,2
./data/caterwaul\1tHhN-4fTiU_30_39.wav,2
./data/caterwaul\1tHhN-4fTiU_30_66.wav,2
./data/caterwaul\1tHhN-4fTiU_30_92.wav,2
./data/caterwaul\1U0N-5o2Moc_30_0.wav,2
./data/caterwaul\1U0N-5o2Moc_30_1.wav,2
./data/caterwaul\1U0N-5o2Moc_30_11.wav,2
./data/caterwaul\1U0N-5o2Moc_30_15.wav,2
./data/caterwaul\1U0N-5o2Moc_30_18.wav,2
./data/caterwaul\1U0N-5o2Moc_30_2.wav,2
./data/caterwaul\1U0N-5o2Moc_30_21.wav,2
./data/caterwaul\1U0N-5o2Moc_30_23.wav,2
./data/caterwaul\1U0N-5o2Moc_30_25.wav,2
./data/caterwaul\1U0N-5o2Moc_30_3.wav,2
./data/caterwaul\1U0N-5o2Moc_30_32.wav,2
./data/caterwaul\1U0N-5o2Moc_30_33.wav,2
./data/caterwaul\1U0N-5o2Moc_30_39.wav,2
./data/caterwaul\1U0N-5o2Moc_30_42.wav,2
./data/caterwaul\1U0N-5o2Moc_30_7.wav,2
./data/caterwaul\1U0N-5o2Moc_30_8.wav,2
./data/caterwaul\1uz3SWbTfqY_6_0.wav,2
./data/caterwaul\1uz3SWbTfqY_6_12.wav,2
./data/caterwaul\1uz3SWbTfqY_6_14.wav,2
./data/caterwaul\1uz3SWbTfqY_6_16.wav,2
./data/caterwaul\1uz3SWbTfqY_6_6.wav,2
./data/caterwaul\1uz3SWbTfqY_6_8.wav,2
./data/caterwaul\1VVr6_KQGwc_30_0.wav,2
./data/caterwaul\1VVr6_KQGwc_30_10.wav,2
./data/caterwaul\1VVr6_KQGwc_30_102.wav,2
./data/caterwaul\1VVr6_KQGwc_30_108.wav,2
./data/caterwaul\1VVr6_KQGwc_30_110.wav,2
./data/caterwaul\1VVr6_KQGwc_30_119.wav,2
./data/caterwaul\1VVr6_KQGwc_30_12.wav,2
./data/caterwaul\1VVr6_KQGwc_30_120.wav,2
./data/caterwaul\1VVr6_KQGwc_30_121.wav,2
./data/caterwaul\1VVr6_KQGwc_30_126.wav,2
./data/caterwaul\1VVr6_KQGwc_30_127.wav,2
./data/caterwaul\1VVr6_KQGwc_30_128.wav,2
./data/caterwaul\1VVr6_KQGwc_30_13.wav,2
./data/caterwaul\1VVr6_KQGwc_30_130.wav,2
./data/caterwaul\1VVr6_KQGwc_30_131.wav,2
./data/caterwaul\1VVr6_KQGwc_30_134.wav,2
./data/caterwaul\1VVr6_KQGwc_30_136.wav,2
./data/caterwaul\1VVr6_KQGwc_30_140.wav,2
./data/caterwaul\1VVr6_KQGwc_30_141.wav,2
./data/caterwaul\1VVr6_KQGwc_30_142.wav,2
./data/caterwaul\1VVr6_KQGwc_30_144.wav,2
./data/caterwaul\1VVr6_KQGwc_30_145.wav,2
./data/caterwaul\1VVr6_KQGwc_30_146.wav,2
./data/caterwaul\1VVr6_KQGwc_30_152.wav,2
./data/caterwaul\1VVr6_KQGwc_30_156.wav,2
./data/caterwaul\1VVr6_KQGwc_30_159.wav,2
./data/caterwaul\1VVr6_KQGwc_30_16.wav,2
./data/caterwaul\1VVr6_KQGwc_30_162.wav,2
./data/caterwaul\1VVr6_KQGwc_30_167.wav,2
./data/caterwaul\1VVr6_KQGwc_30_170.wav,2
./data/caterwaul\1VVr6_KQGwc_30_171.wav,2
./data/caterwaul\1VVr6_KQGwc_30_173.wav,2
./data/caterwaul\1VVr6_KQGwc_30_176.wav,2
./data/caterwaul\1VVr6_KQGwc_30_177.wav,2
./data/caterwaul\1VVr6_KQGwc_30_178.wav,2
./data/caterwaul\1VVr6_KQGwc_30_186.wav,2
./data/caterwaul\1VVr6_KQGwc_30_187.wav,2
./data/caterwaul\1VVr6_KQGwc_30_194.wav,2
./data/caterwaul\1VVr6_KQGwc_30_199.wav,2
./data/caterwaul\1VVr6_KQGwc_30_201.wav,2
./data/caterwaul\1VVr6_KQGwc_30_204.wav,2
./data/caterwaul\1VVr6_KQGwc_30_205.wav,2
./data/caterwaul\1VVr6_KQGwc_30_218.wav,2
./data/caterwaul\1VVr6_KQGwc_30_22.wav,2
./data/caterwaul\1VVr6_KQGwc_30_221.wav,2
./data/caterwaul\1VVr6_KQGwc_30_224.wav,2
./data/caterwaul\1VVr6_KQGwc_30_225.wav,2
./data/caterwaul\1VVr6_KQGwc_30_226.wav,2
./data/caterwaul\1VVr6_KQGwc_30_227.wav,2
./data/caterwaul\1VVr6_KQGwc_30_230.wav,2
./data/caterwaul\1VVr6_KQGwc_30_231.wav,2
./data/caterwaul\1VVr6_KQGwc_30_233.wav,2
./data/caterwaul\1VVr6_KQGwc_30_234.wav,2
./data/caterwaul\1VVr6_KQGwc_30_237.wav,2
./data/caterwaul\1VVr6_KQGwc_30_239.wav,2
./data/caterwaul\1VVr6_KQGwc_30_240.wav,2
./data/caterwaul\1VVr6_KQGwc_30_242.wav,2
./data/caterwaul\1VVr6_KQGwc_30_245.wav,2
./data/caterwaul\1VVr6_KQGwc_30_249.wav,2
./data/caterwaul\1VVr6_KQGwc_30_250.wav,2
./data/caterwaul\1VVr6_KQGwc_30_256.wav,2
./data/caterwaul\1VVr6_KQGwc_30_257.wav,2
./data/caterwaul\1VVr6_KQGwc_30_258.wav,2
./data/caterwaul\1VVr6_KQGwc_30_259.wav,2
./data/caterwaul\1VVr6_KQGwc_30_26.wav,2
./data/caterwaul\1VVr6_KQGwc_30_264.wav,2
./data/caterwaul\1VVr6_KQGwc_30_265.wav,2
./data/caterwaul\1VVr6_KQGwc_30_269.wav,2
./data/caterwaul\1VVr6_KQGwc_30_271.wav,2
./data/caterwaul\1VVr6_KQGwc_30_275.wav,2
./data/caterwaul\1VVr6_KQGwc_30_277.wav,2
./data/caterwaul\1VVr6_KQGwc_30_279.wav,2
./data/caterwaul\1VVr6_KQGwc_30_280.wav,2
./data/caterwaul\1VVr6_KQGwc_30_281.wav,2
./data/caterwaul\1VVr6_KQGwc_30_282.wav,2
./data/caterwaul\1VVr6_KQGwc_30_283.wav,2
./data/caterwaul\1VVr6_KQGwc_30_285.wav,2
./data/caterwaul\1VVr6_KQGwc_30_288.wav,2
./data/caterwaul\1VVr6_KQGwc_30_289.wav,2
./data/caterwaul\1VVr6_KQGwc_30_306.wav,2
./data/caterwaul\1VVr6_KQGwc_30_307.wav,2
./data/caterwaul\1VVr6_KQGwc_30_310.wav,2
./data/caterwaul\1VVr6_KQGwc_30_315.wav,2
./data/caterwaul\1VVr6_KQGwc_30_316.wav,2
./data/caterwaul\1VVr6_KQGwc_30_317.wav,2
./data/caterwaul\1VVr6_KQGwc_30_320.wav,2
./data/caterwaul\1VVr6_KQGwc_30_322.wav,2
./data/caterwaul\1VVr6_KQGwc_30_324.wav,2
./data/caterwaul\1VVr6_KQGwc_30_326.wav,2
./data/caterwaul\1VVr6_KQGwc_30_327.wav,2
./data/caterwaul\1VVr6_KQGwc_30_328.wav,2
./data/caterwaul\1VVr6_KQGwc_30_329.wav,2
./data/caterwaul\1VVr6_KQGwc_30_332.wav,2
./data/caterwaul\1VVr6_KQGwc_30_335.wav,2
./data/caterwaul\1VVr6_KQGwc_30_337.wav,2
./data/caterwaul\1VVr6_KQGwc_30_34.wav,2
./data/caterwaul\1VVr6_KQGwc_30_340.wav,2
./data/caterwaul\1VVr6_KQGwc_30_343.wav,2
./data/caterwaul\1VVr6_KQGwc_30_35.wav,2
./data/caterwaul\1VVr6_KQGwc_30_359.wav,2
./data/caterwaul\1VVr6_KQGwc_30_361.wav,2
./data/caterwaul\1VVr6_KQGwc_30_365.wav,2
./data/caterwaul\1VVr6_KQGwc_30_369.wav,2
./data/caterwaul\1VVr6_KQGwc_30_371.wav,2
./data/caterwaul\1VVr6_KQGwc_30_373.wav,2
./data/caterwaul\1VVr6_KQGwc_30_376.wav,2
./data/caterwaul\1VVr6_KQGwc_30_378.wav,2
./data/caterwaul\1VVr6_KQGwc_30_384.wav,2
./data/caterwaul\1VVr6_KQGwc_30_386.wav,2
./data/caterwaul\1VVr6_KQGwc_30_387.wav,2
./data/caterwaul\1VVr6_KQGwc_30_388.wav,2
./data/caterwaul\1VVr6_KQGwc_30_393.wav,2
./data/caterwaul\1VVr6_KQGwc_30_395.wav,2
./data/caterwaul\1VVr6_KQGwc_30_396.wav,2
./data/caterwaul\1VVr6_KQGwc_30_397.wav,2
./data/caterwaul\1VVr6_KQGwc_30_399.wav,2
./data/caterwaul\1VVr6_KQGwc_30_400.wav,2
./data/caterwaul\1VVr6_KQGwc_30_402.wav,2
./data/caterwaul\1VVr6_KQGwc_30_404.wav,2
./data/caterwaul\1VVr6_KQGwc_30_406.wav,2
./data/caterwaul\1VVr6_KQGwc_30_408.wav,2
./data/caterwaul\1VVr6_KQGwc_30_411.wav,2
./data/caterwaul\1VVr6_KQGwc_30_413.wav,2
./data/caterwaul\1VVr6_KQGwc_30_414.wav,2
./data/caterwaul\1VVr6_KQGwc_30_418.wav,2
./data/caterwaul\1VVr6_KQGwc_30_420.wav,2
./data/caterwaul\1VVr6_KQGwc_30_423.wav,2
./data/caterwaul\1VVr6_KQGwc_30_424.wav,2
./data/caterwaul\1VVr6_KQGwc_30_425.wav,2
./data/caterwaul\1VVr6_KQGwc_30_426.wav,2
./data/caterwaul\1VVr6_KQGwc_30_427.wav,2
./data/caterwaul\1VVr6_KQGwc_30_433.wav,2
./data/caterwaul\1VVr6_KQGwc_30_434.wav,2
./data/caterwaul\1VVr6_KQGwc_30_435.wav,2
./data/caterwaul\1VVr6_KQGwc_30_436.wav,2
./data/caterwaul\1VVr6_KQGwc_30_442.wav,2
./data/caterwaul\1VVr6_KQGwc_30_444.wav,2
./data/caterwaul\1VVr6_KQGwc_30_445.wav,2
./data/caterwaul\1VVr6_KQGwc_30_446.wav,2
./data/caterwaul\1VVr6_KQGwc_30_447.wav,2
./data/caterwaul\1VVr6_KQGwc_30_449.wav,2
./data/caterwaul\1VVr6_KQGwc_30_45.wav,2
./data/caterwaul\1VVr6_KQGwc_30_453.wav,2
./data/caterwaul\1VVr6_KQGwc_30_454.wav,2
./data/caterwaul\1VVr6_KQGwc_30_456.wav,2
./data/caterwaul\1VVr6_KQGwc_30_459.wav,2
./data/caterwaul\1VVr6_KQGwc_30_46.wav,2
./data/caterwaul\1VVr6_KQGwc_30_461.wav,2
./data/caterwaul\1VVr6_KQGwc_30_462.wav,2
./data/caterwaul\1VVr6_KQGwc_30_463.wav,2
./data/caterwaul\1VVr6_KQGwc_30_465.wav,2
./data/caterwaul\1VVr6_KQGwc_30_469.wav,2
./data/caterwaul\1VVr6_KQGwc_30_47.wav,2
./data/caterwaul\1VVr6_KQGwc_30_472.wav,2
./data/caterwaul\1VVr6_KQGwc_30_48.wav,2
./data/caterwaul\1VVr6_KQGwc_30_480.wav,2
./data/caterwaul\1VVr6_KQGwc_30_490.wav,2
./data/caterwaul\1VVr6_KQGwc_30_492.wav,2
./data/caterwaul\1VVr6_KQGwc_30_494.wav,2
./data/caterwaul\1VVr6_KQGwc_30_497.wav,2
./data/caterwaul\1VVr6_KQGwc_30_499.wav,2
./data/caterwaul\1VVr6_KQGwc_30_5.wav,2
./data/caterwaul\1VVr6_KQGwc_30_503.wav,2
./data/caterwaul\1VVr6_KQGwc_30_516.wav,2
./data/caterwaul\1VVr6_KQGwc_30_52.wav,2
./data/caterwaul\1VVr6_KQGwc_30_523.wav,2
./data/caterwaul\1VVr6_KQGwc_30_524.wav,2
./data/caterwaul\1VVr6_KQGwc_30_525.wav,2
./data/caterwaul\1VVr6_KQGwc_30_526.wav,2
./data/caterwaul\1VVr6_KQGwc_30_53.wav,2
./data/caterwaul\1VVr6_KQGwc_30_530.wav,2
./data/caterwaul\1VVr6_KQGwc_30_534.wav,2
./data/caterwaul\1VVr6_KQGwc_30_536.wav,2
./data/caterwaul\1VVr6_KQGwc_30_538.wav,2
./data/caterwaul\1VVr6_KQGwc_30_544.wav,2
./data/caterwaul\1VVr6_KQGwc_30_545.wav,2
./data/caterwaul\1VVr6_KQGwc_30_546.wav,2
./data/caterwaul\1VVr6_KQGwc_30_55.wav,2
./data/caterwaul\1VVr6_KQGwc_30_553.wav,2
./data/caterwaul\1VVr6_KQGwc_30_554.wav,2
./data/caterwaul\1VVr6_KQGwc_30_555.wav,2
./data/caterwaul\1VVr6_KQGwc_30_556.wav,2
./data/caterwaul\1VVr6_KQGwc_30_559.wav,2
./data/caterwaul\1VVr6_KQGwc_30_561.wav,2
./data/caterwaul\1VVr6_KQGwc_30_564.wav,2
./data/caterwaul\1VVr6_KQGwc_30_565.wav,2
./data/caterwaul\1VVr6_KQGwc_30_568.wav,2
./data/caterwaul\1VVr6_KQGwc_30_57.wav,2
./data/caterwaul\1VVr6_KQGwc_30_571.wav,2
./data/caterwaul\1VVr6_KQGwc_30_572.wav,2
./data/caterwaul\1VVr6_KQGwc_30_58.wav,2
./data/caterwaul\1VVr6_KQGwc_30_580.wav,2
./data/caterwaul\1VVr6_KQGwc_30_592.wav,2
./data/caterwaul\1VVr6_KQGwc_30_593.wav,2
./data/caterwaul\1VVr6_KQGwc_30_594.wav,2
./data/caterwaul\1VVr6_KQGwc_30_595.wav,2
./data/caterwaul\1VVr6_KQGwc_30_597.wav,2
./data/caterwaul\1VVr6_KQGwc_30_599.wav,2
./data/caterwaul\1VVr6_KQGwc_30_600.wav,2
./data/caterwaul\1VVr6_KQGwc_30_607.wav,2
./data/caterwaul\1VVr6_KQGwc_30_610.wav,2
./data/caterwaul\1VVr6_KQGwc_30_612.wav,2
./data/caterwaul\1VVr6_KQGwc_30_617.wav,2
./data/caterwaul\1VVr6_KQGwc_30_618.wav,2
./data/caterwaul\1VVr6_KQGwc_30_621.wav,2
./data/caterwaul\1VVr6_KQGwc_30_622.wav,2
./data/caterwaul\1VVr6_KQGwc_30_623.wav,2
./data/caterwaul\1VVr6_KQGwc_30_624.wav,2
./data/caterwaul\1VVr6_KQGwc_30_625.wav,2
./data/caterwaul\1VVr6_KQGwc_30_628.wav,2
./data/caterwaul\1VVr6_KQGwc_30_638.wav,2
./data/caterwaul\1VVr6_KQGwc_30_641.wav,2
./data/caterwaul\1VVr6_KQGwc_30_642.wav,2
./data/caterwaul\1VVr6_KQGwc_30_644.wav,2
./data/caterwaul\1VVr6_KQGwc_30_647.wav,2
./data/caterwaul\1VVr6_KQGwc_30_649.wav,2
./data/caterwaul\1VVr6_KQGwc_30_652.wav,2
./data/caterwaul\1VVr6_KQGwc_30_653.wav,2
./data/caterwaul\1VVr6_KQGwc_30_657.wav,2
./data/caterwaul\1VVr6_KQGwc_30_66.wav,2
./data/caterwaul\1VVr6_KQGwc_30_661.wav,2
./data/caterwaul\1VVr6_KQGwc_30_662.wav,2
./data/caterwaul\1VVr6_KQGwc_30_663.wav,2
./data/caterwaul\1VVr6_KQGwc_30_667.wav,2
./data/caterwaul\1VVr6_KQGwc_30_669.wav,2
./data/caterwaul\1VVr6_KQGwc_30_672.wav,2
./data/caterwaul\1VVr6_KQGwc_30_675.wav,2
./data/caterwaul\1VVr6_KQGwc_30_676.wav,2
./data/caterwaul\1VVr6_KQGwc_30_678.wav,2
./data/caterwaul\1VVr6_KQGwc_30_679.wav,2
./data/caterwaul\1VVr6_KQGwc_30_681.wav,2
./data/caterwaul\1VVr6_KQGwc_30_684.wav,2
./data/caterwaul\1VVr6_KQGwc_30_688.wav,2
./data/caterwaul\1VVr6_KQGwc_30_69.wav,2
./data/caterwaul\1VVr6_KQGwc_30_691.wav,2
./data/caterwaul\1VVr6_KQGwc_30_692.wav,2
./data/caterwaul\1VVr6_KQGwc_30_693.wav,2
./data/caterwaul\1VVr6_KQGwc_30_694.wav,2
./data/caterwaul\1VVr6_KQGwc_30_696.wav,2
./data/caterwaul\1VVr6_KQGwc_30_699.wav,2
./data/caterwaul\1VVr6_KQGwc_30_704.wav,2
./data/caterwaul\1VVr6_KQGwc_30_705.wav,2
./data/caterwaul\1VVr6_KQGwc_30_706.wav,2
./data/caterwaul\1VVr6_KQGwc_30_707.wav,2
./data/caterwaul\1VVr6_KQGwc_30_71.wav,2
./data/caterwaul\1VVr6_KQGwc_30_716.wav,2
./data/caterwaul\1VVr6_KQGwc_30_718.wav,2
./data/caterwaul\1VVr6_KQGwc_30_720.wav,2
./data/caterwaul\1VVr6_KQGwc_30_721.wav,2
./data/caterwaul\1VVr6_KQGwc_30_726.wav,2
./data/caterwaul\1VVr6_KQGwc_30_728.wav,2
./data/caterwaul\1VVr6_KQGwc_30_731.wav,2
./data/caterwaul\1VVr6_KQGwc_30_732.wav,2
./data/caterwaul\1VVr6_KQGwc_30_733.wav,2
./data/caterwaul\1VVr6_KQGwc_30_735.wav,2
./data/caterwaul\1VVr6_KQGwc_30_737.wav,2
./data/caterwaul\1VVr6_KQGwc_30_740.wav,2
./data/caterwaul\1VVr6_KQGwc_30_741.wav,2
./data/caterwaul\1VVr6_KQGwc_30_749.wav,2
